output_id,work_order_id,product_id,process_id,line_id,stat_date,input_qty,good_qty,defect_qty,rework_qty,shift_code
OUT00000001,WO000001,P003,PR01,L05,2026-06-01,1186,1165,24,6,D
OUT00000002,WO000001,P003,PR02,L05,2026-06-01,1165,1145,25,10,N
OUT00000003,WO000001,P003,PR03,L05,2026-06-01,1136,1132,5,2,D
OUT00000004,WO000001,P003,PR04,L05,2026-06-02,1133,1102,40,18,N
OUT00000005,WO000001,P003,PR05,L05,2026-06-02,1090,1057,42,18,D
OUT00000006,WO000001,P003,PR06,L05,2026-06-02,1057,1012,53,15,N
OUT00000007,WO000001,P003,PR07,L05,2026-06-03,1001,963,44,12,N
OUT00000008,WO000001,P003,PR08,L05,2026-06-03,953,946,8,2,D
OUT00000009,WO000002,P015,PR01,L01,2026-06-01,2001,1983,20,5,N
OUT00000010,WO000002,P015,PR02,L01,2026-06-01,1988,1957,39,15,N
OUT00000011,WO000002,P015,PR03,L01,2026-06-01,1963,1956,8,3,D
OUT00000012,WO000002,P015,PR04,L01,2026-06-02,1963,1911,59,13,D
OUT00000013,WO000002,P015,PR05,L01,2026-06-02,1892,1838,63,17,D
OUT00000014,WO000002,P015,PR06,L01,2026-06-02,1844,1782,79,31,D
OUT00000015,WO000002,P015,PR07,L01,2026-06-03,1784,1732,65,24,N
OUT00000016,WO000002,P015,PR08,L01,2026-06-03,1716,1709,7,1,N
OUT00000017,WO000003,P017,PR01,L01,2026-06-01,1488,1475,15,5,D
OUT00000018,WO000003,P017,PR02,L01,2026-06-01,1454,1429,29,8,D
OUT00000019,WO000003,P017,PR03,L01,2026-06-01,1420,1414,6,1,N
OUT00000020,WO000003,P017,PR04,L01,2026-06-02,1414,1380,38,9,D
OUT00000021,WO000003,P017,PR05,L01,2026-06-02,1371,1328,49,11,D
OUT00000022,WO000003,P017,PR06,L01,2026-06-02,1308,1259,61,22,N
OUT00000023,WO000003,P017,PR07,L01,2026-06-03,1244,1199,55,19,D
OUT00000024,WO000003,P017,PR08,L01,2026-06-03,1191,1183,10,4,D
OUT00000025,WO000004,P017,PR01,L01,2026-06-01,802,793,10,3,D
OUT00000026,WO000004,P017,PR02,L01,2026-06-01,795,782,15,4,N
OUT00000027,WO000004,P017,PR03,L01,2026-06-01,773,768,6,3,N
OUT00000028,WO000004,P017,PR04,L01,2026-06-02,757,735,24,4,D
OUT00000029,WO000004,P017,PR05,L01,2026-06-02,727,705,25,6,D
OUT00000030,WO000004,P017,PR06,L01,2026-06-02,700,675,31,12,N
OUT00000031,WO000004,P017,PR07,L01,2026-06-03,671,650,24,6,D
OUT00000032,WO000004,P017,PR08,L01,2026-06-03,653,650,3,1,D
OUT00000033,WO000005,P004,PR01,L02,2026-06-01,798,781,19,5,N
OUT00000034,WO000005,P004,PR02,L02,2026-06-01,777,763,17,6,D
OUT00000035,WO000005,P004,PR03,L02,2026-06-01,758,753,5,1,N
OUT00000036,WO000005,P004,PR04,L02,2026-06-02,747,725,26,9,N
OUT00000037,WO000005,P004,PR05,L02,2026-06-02,722,694,32,9,N
OUT00000038,WO000005,P004,PR06,L02,2026-06-02,684,658,32,12,N
OUT00000039,WO000005,P004,PR07,L02,2026-06-03,649,627,26,8,D
OUT00000040,WO000005,P004,PR08,L02,2026-06-03,628,625,3,1,D
OUT00000041,WO000006,P012,PR01,L05,2026-06-01,1988,1962,32,11,D
OUT00000042,WO000006,P012,PR02,L05,2026-06-01,1951,1907,48,9,N
OUT00000043,WO000006,P012,PR03,L05,2026-06-01,1898,1885,17,8,D
OUT00000044,WO000006,P012,PR04,L05,2026-06-02,1863,1817,59,25,D
OUT00000045,WO000006,P012,PR05,L05,2026-06-02,1804,1736,77,17,N
OUT00000046,WO000006,P012,PR06,L05,2026-06-02,1728,1663,80,29,D
OUT00000047,WO000006,P012,PR07,L05,2026-06-03,1656,1603,62,17,D
OUT00000048,WO000006,P012,PR08,L05,2026-06-03,1588,1578,11,2,D
OUT00000049,WO000007,P003,PR01,L01,2026-06-02,1790,1769,26,10,N
OUT00000050,WO000007,P003,PR02,L01,2026-06-02,1751,1720,35,8,N
OUT00000051,WO000007,P003,PR03,L01,2026-06-02,1724,1717,7,1,D
OUT00000052,WO000007,P003,PR04,L01,2026-06-03,1692,1654,43,10,D
OUT00000053,WO000007,P003,PR05,L01,2026-06-03,1633,1578,62,14,N
OUT00000054,WO000007,P003,PR06,L01,2026-06-03,1575,1516,70,20,D
OUT00000055,WO000007,P003,PR07,L01,2026-06-04,1510,1460,58,15,N
OUT00000056,WO000007,P003,PR08,L01,2026-06-04,1449,1443,6,1,N
OUT00000057,WO000008,P009,PR01,L02,2026-06-02,1003,988,18,6,N
OUT00000058,WO000008,P009,PR02,L02,2026-06-02,985,963,25,7,N
OUT00000059,WO000008,P009,PR03,L02,2026-06-02,963,958,5,1,D
OUT00000060,WO000008,P009,PR04,L02,2026-06-03,962,935,34,14,N
OUT00000061,WO000008,P009,PR05,L02,2026-06-03,937,908,34,10,N
OUT00000062,WO000008,P009,PR06,L02,2026-06-03,910,872,47,18,N
OUT00000063,WO000008,P009,PR07,L02,2026-06-04,871,839,38,11,N
OUT00000064,WO000008,P009,PR08,L02,2026-06-04,838,833,6,2,N
OUT00000065,WO000009,P010,PR01,L01,2026-06-02,591,583,10,4,N
OUT00000066,WO000009,P010,PR02,L01,2026-06-02,577,569,9,3,D
OUT00000067,WO000009,P010,PR03,L01,2026-06-02,567,565,2,1,N
OUT00000068,WO000009,P010,PR04,L01,2026-06-03,561,545,18,5,D
OUT00000069,WO000009,P010,PR05,L01,2026-06-03,545,527,20,4,D
OUT00000070,WO000009,P010,PR06,L01,2026-06-03,521,501,24,9,D
OUT00000071,WO000009,P010,PR07,L01,2026-06-04,499,481,21,6,N
OUT00000072,WO000009,P010,PR08,L01,2026-06-04,475,473,2,1,D
OUT00000073,WO000010,P028,PR01,L02,2026-06-02,594,585,11,4,D
OUT00000074,WO000010,P028,PR02,L02,2026-06-02,579,567,15,6,D
OUT00000075,WO000010,P028,PR03,L02,2026-06-02,564,561,3,1,D
OUT00000076,WO000010,P028,PR04,L02,2026-06-03,552,538,16,5,D
OUT00000077,WO000010,P028,PR05,L02,2026-06-03,539,522,19,5,N
OUT00000078,WO000010,P028,PR06,L02,2026-06-03,514,492,27,10,N
OUT00000079,WO000010,P028,PR07,L02,2026-06-04,490,470,22,4,D
OUT00000080,WO000010,P028,PR08,L02,2026-06-04,469,464,5,1,N
OUT00000081,WO000011,P012,PR01,L04,2026-06-02,792,774,20,4,N
OUT00000082,WO000011,P012,PR02,L04,2026-06-02,763,744,21,4,N
OUT00000083,WO000011,P012,PR03,L04,2026-06-02,741,734,8,3,D
OUT00000084,WO000011,P012,PR04,L04,2026-06-03,735,712,29,11,D
OUT00000085,WO000011,P012,PR05,L04,2026-06-03,709,681,36,15,D
OUT00000086,WO000011,P012,PR06,L04,2026-06-03,679,646,37,8,D
OUT00000087,WO000011,P012,PR07,L04,2026-06-04,643,618,31,11,D
OUT00000088,WO000011,P012,PR08,L04,2026-06-04,616,608,9,2,N
OUT00000089,WO000012,P011,PR01,L05,2026-06-02,999,980,22,6,D
OUT00000090,WO000012,P011,PR02,L05,2026-06-02,967,947,21,3,N
OUT00000091,WO000012,P011,PR03,L05,2026-06-02,950,942,9,3,D
OUT00000092,WO000012,P011,PR04,L05,2026-06-03,938,913,28,6,N
OUT00000093,WO000012,P011,PR05,L05,2026-06-03,904,874,35,10,N
OUT00000094,WO000012,P011,PR06,L05,2026-06-03,871,840,38,13,D
OUT00000095,WO000012,P011,PR07,L05,2026-06-04,841,809,35,7,N
OUT00000096,WO000012,P011,PR08,L05,2026-06-04,807,799,8,1,N
OUT00000097,WO000013,P019,PR01,L03,2026-06-02,601,591,12,4,D
OUT00000098,WO000013,P019,PR02,L03,2026-06-02,589,576,15,5,N
OUT00000099,WO000013,P019,PR03,L03,2026-06-02,568,561,9,4,N
OUT00000100,WO000013,P019,PR04,L03,2026-06-03,553,534,21,5,N
OUT00000101,WO000013,P019,PR05,L03,2026-06-03,530,511,23,8,D
OUT00000102,WO000013,P019,PR06,L03,2026-06-03,506,485,24,7,D
OUT00000103,WO000013,P019,PR07,L03,2026-06-04,480,460,23,7,D
OUT00000104,WO000013,P019,PR08,L03,2026-06-04,457,450,7,1,D
OUT00000105,WO000014,P012,PR01,L01,2026-06-02,794,785,11,4,N
OUT00000106,WO000014,P012,PR02,L01,2026-06-02,784,770,17,6,N
OUT00000107,WO000014,P012,PR03,L01,2026-06-02,759,754,6,2,D
OUT00000108,WO000014,P012,PR04,L01,2026-06-03,743,722,23,4,N
OUT00000109,WO000014,P012,PR05,L01,2026-06-03,722,700,26,9,D
OUT00000110,WO000014,P012,PR06,L01,2026-06-03,701,677,30,12,N
OUT00000111,WO000014,P012,PR07,L01,2026-06-04,667,643,27,7,N
OUT00000112,WO000014,P012,PR08,L01,2026-06-04,640,637,4,2,N
OUT00000113,WO000015,P028,PR01,L01,2026-06-02,2008,1983,28,6,N
OUT00000114,WO000015,P028,PR02,L01,2026-06-02,1975,1935,46,12,D
OUT00000115,WO000015,P028,PR03,L01,2026-06-02,1922,1910,15,6,N
OUT00000116,WO000015,P028,PR04,L01,2026-06-03,1907,1861,58,23,N
OUT00000117,WO000015,P028,PR05,L01,2026-06-03,1839,1788,57,11,N
OUT00000118,WO000015,P028,PR06,L01,2026-06-03,1789,1718,80,18,N
OUT00000119,WO000015,P028,PR07,L01,2026-06-04,1724,1663,69,16,N
OUT00000120,WO000015,P028,PR08,L01,2026-06-04,1644,1638,7,3,D
OUT00000121,WO000016,P021,PR01,L02,2026-06-03,1998,1964,43,17,N
OUT00000122,WO000016,P021,PR02,L02,2026-06-03,1969,1936,40,14,N
OUT00000123,WO000016,P021,PR03,L02,2026-06-03,1941,1919,24,5,N
OUT00000124,WO000016,P021,PR04,L02,2026-06-04,1904,1843,68,13,D
OUT00000125,WO000016,P021,PR05,L02,2026-06-04,1838,1772,80,27,D
OUT00000126,WO000016,P021,PR06,L02,2026-06-04,1747,1682,80,28,D
OUT00000127,WO000016,P021,PR07,L02,2026-06-05,1684,1614,77,13,N
OUT00000128,WO000016,P021,PR08,L02,2026-06-05,1595,1585,11,2,D
OUT00000129,WO000017,P020,PR01,L02,2026-06-03,1199,1182,18,3,N
OUT00000130,WO000017,P020,PR02,L02,2026-06-03,1164,1143,25,8,D
OUT00000131,WO000017,P020,PR03,L02,2026-06-03,1133,1122,12,3,D
OUT00000132,WO000017,P020,PR04,L02,2026-06-04,1118,1085,39,11,D
OUT00000133,WO000017,P020,PR05,L02,2026-06-04,1085,1054,39,16,D
OUT00000134,WO000017,P020,PR06,L02,2026-06-04,1046,999,56,18,N
OUT00000135,WO000017,P020,PR07,L02,2026-06-05,987,947,46,12,N
OUT00000136,WO000017,P020,PR08,L02,2026-06-05,936,933,4,2,N
OUT00000137,WO000018,P013,PR01,L04,2026-06-03,1788,1740,55,14,D
OUT00000138,WO000018,P013,PR02,L04,2026-06-03,1717,1677,53,24,D
OUT00000139,WO000018,P013,PR03,L04,2026-06-03,1670,1654,18,4,N
OUT00000140,WO000018,P013,PR04,L04,2026-06-04,1641,1589,58,11,N
OUT00000141,WO000018,P013,PR05,L04,2026-06-04,1593,1530,80,31,D
OUT00000142,WO000018,P013,PR06,L04,2026-06-04,1512,1439,91,33,N
OUT00000143,WO000018,P013,PR07,L04,2026-06-05,1429,1370,77,33,D
OUT00000144,WO000018,P013,PR08,L04,2026-06-05,1364,1349,16,3,D
OUT00000145,WO000019,P011,PR01,L03,2026-06-03,602,588,16,4,N
OUT00000146,WO000019,P011,PR02,L03,2026-06-03,584,570,17,6,N
OUT00000147,WO000019,P011,PR03,L03,2026-06-03,562,558,4,1,N
OUT00000148,WO000019,P011,PR04,L03,2026-06-04,557,538,22,6,D
OUT00000149,WO000019,P011,PR05,L03,2026-06-04,530,507,25,4,N
OUT00000150,WO000019,P011,PR06,L03,2026-06-04,503,483,26,11,N
OUT00000151,WO000019,P011,PR07,L03,2026-06-05,484,464,23,6,D
OUT00000152,WO000019,P011,PR08,L03,2026-06-05,458,454,4,1,D
OUT00000153,WO000020,P024,PR01,L01,2026-06-03,1486,1460,30,9,N
OUT00000154,WO000020,P024,PR02,L01,2026-06-03,1448,1418,32,5,N
OUT00000155,WO000020,P024,PR03,L01,2026-06-03,1417,1412,6,2,N
OUT00000156,WO000020,P024,PR04,L01,2026-06-04,1395,1360,46,20,D
OUT00000157,WO000020,P024,PR05,L01,2026-06-04,1365,1325,49,18,D
OUT00000158,WO000020,P024,PR06,L01,2026-06-04,1317,1264,59,12,N
OUT00000159,WO000020,P024,PR07,L01,2026-06-05,1250,1207,47,9,N
OUT00000160,WO000020,P024,PR08,L01,2026-06-05,1199,1190,10,2,N
OUT00000161,WO000021,P024,PR01,L01,2026-06-03,598,590,9,3,D
OUT00000162,WO000021,P024,PR02,L01,2026-06-03,584,574,11,2,D
OUT00000163,WO000021,P024,PR03,L01,2026-06-03,569,566,4,2,N
OUT00000164,WO000021,P024,PR04,L01,2026-06-04,568,553,17,5,D
OUT00000165,WO000021,P024,PR05,L01,2026-06-04,552,535,21,9,N
OUT00000166,WO000021,P024,PR06,L01,2026-06-04,537,517,26,11,D
OUT00000167,WO000021,P024,PR07,L01,2026-06-05,514,496,20,5,N
OUT00000168,WO000021,P024,PR08,L01,2026-06-05,490,487,3,1,N
OUT00000169,WO000022,P013,PR01,L01,2026-06-04,1499,1478,24,7,N
OUT00000170,WO000022,P013,PR02,L01,2026-06-04,1469,1448,24,6,N
OUT00000171,WO000022,P013,PR03,L01,2026-06-04,1452,1447,6,3,D
OUT00000172,WO000022,P013,PR04,L01,2026-06-05,1431,1394,44,14,N
OUT00000173,WO000022,P013,PR05,L01,2026-06-05,1399,1360,44,10,N
OUT00000174,WO000022,P013,PR06,L01,2026-06-05,1363,1309,64,19,N
OUT00000175,WO000022,P013,PR07,L01,2026-06-06,1307,1261,53,13,N
OUT00000176,WO000022,P013,PR08,L01,2026-06-06,1250,1244,7,2,D
OUT00000177,WO000023,P024,PR01,L04,2026-06-04,1192,1165,31,8,N
OUT00000178,WO000023,P024,PR02,L04,2026-06-04,1148,1121,32,10,N
OUT00000179,WO000023,P024,PR03,L04,2026-06-04,1118,1102,17,3,D
OUT00000180,WO000023,P024,PR04,L04,2026-06-05,1104,1063,48,13,D
OUT00000181,WO000023,P024,PR05,L04,2026-06-05,1063,1016,55,16,D
OUT00000182,WO000023,P024,PR06,L04,2026-06-05,1001,950,59,16,D
OUT00000183,WO000023,P024,PR07,L04,2026-06-06,943,898,53,15,N
OUT00000184,WO000023,P024,PR08,L04,2026-06-06,886,870,17,3,N
OUT00000185,WO000024,P003,PR01,L02,2026-06-04,1193,1170,26,6,N
OUT00000186,WO000024,P003,PR02,L02,2026-06-04,1153,1126,31,8,N
OUT00000187,WO000024,P003,PR03,L02,2026-06-04,1110,1100,12,5,N
OUT00000188,WO000024,P003,PR04,L02,2026-06-05,1099,1070,37,16,D
OUT00000189,WO000024,P003,PR05,L02,2026-06-05,1054,1021,38,10,D
OUT00000190,WO000024,P003,PR06,L02,2026-06-05,1009,963,50,9,N
OUT00000191,WO000024,P003,PR07,L02,2026-06-06,965,929,44,15,D
OUT00000192,WO000024,P003,PR08,L02,2026-06-06,924,918,7,2,N
OUT00000193,WO000025,P024,PR01,L01,2026-06-04,1002,992,11,3,D
OUT00000194,WO000025,P024,PR02,L01,2026-06-04,994,982,15,6,N
OUT00000195,WO000025,P024,PR03,L01,2026-06-04,969,966,4,2,N
OUT00000196,WO000025,P024,PR04,L01,2026-06-05,967,948,25,11,D
OUT00000197,WO000025,P024,PR05,L01,2026-06-05,939,910,37,16,N
OUT00000198,WO000025,P024,PR06,L01,2026-06-05,900,863,41,9,D
OUT00000199,WO000025,P024,PR07,L01,2026-06-06,863,827,39,6,D
OUT00000200,WO000025,P024,PR08,L01,2026-06-06,830,824,7,3,D
OUT00000201,WO000026,P011,PR01,L02,2026-06-04,798,785,15,5,D
OUT00000202,WO000026,P011,PR02,L02,2026-06-04,781,767,15,3,D
OUT00000203,WO000026,P011,PR03,L02,2026-06-04,770,761,10,3,N
OUT00000204,WO000026,P011,PR04,L02,2026-06-05,761,737,28,9,N
OUT00000205,WO000026,P011,PR05,L02,2026-06-05,740,716,28,9,N
OUT00000206,WO000026,P011,PR06,L02,2026-06-05,707,679,35,13,D
OUT00000207,WO000026,P011,PR07,L02,2026-06-06,673,646,30,6,D
OUT00000208,WO000026,P011,PR08,L02,2026-06-06,640,637,3,1,D
OUT00000209,WO000027,P018,PR01,L05,2026-06-04,1479,1461,20,4,N
OUT00000210,WO000027,P018,PR02,L05,2026-06-04,1466,1442,27,6,D
OUT00000211,WO000027,P018,PR03,L05,2026-06-04,1435,1423,13,3,D
OUT00000212,WO000027,P018,PR04,L05,2026-06-05,1424,1383,48,14,D
OUT00000213,WO000027,P018,PR05,L05,2026-06-05,1378,1341,48,21,D
OUT00000214,WO000027,P018,PR06,L05,2026-06-05,1339,1281,65,13,N
OUT00000215,WO000027,P018,PR07,L05,2026-06-06,1272,1226,60,27,N
OUT00000216,WO000027,P018,PR08,L05,2026-06-06,1211,1202,10,2,D
OUT00000217,WO000028,P005,PR01,L01,2026-06-04,1501,1481,25,10,D
OUT00000218,WO000028,P005,PR02,L01,2026-06-04,1467,1443,30,11,D
OUT00000219,WO000028,P005,PR03,L01,2026-06-04,1441,1434,8,3,D
OUT00000220,WO000028,P005,PR04,L01,2026-06-05,1430,1390,48,16,N
OUT00000221,WO000028,P005,PR05,L01,2026-06-05,1378,1343,44,17,D
OUT00000222,WO000028,P005,PR06,L01,2026-06-05,1333,1290,54,20,D
OUT00000223,WO000028,P005,PR07,L01,2026-06-06,1274,1230,50,11,D
OUT00000224,WO000028,P005,PR08,L01,2026-06-06,1222,1217,5,1,N
OUT00000225,WO000029,P005,PR01,L04,2026-06-04,601,587,17,6,D
OUT00000226,WO000029,P005,PR02,L04,2026-06-04,586,573,15,4,N
OUT00000227,WO000029,P005,PR03,L04,2026-06-04,574,567,8,3,D
OUT00000228,WO000029,P005,PR04,L04,2026-06-05,566,547,25,11,N
OUT00000229,WO000029,P005,PR05,L04,2026-06-05,542,521,23,5,D
OUT00000230,WO000029,P005,PR06,L04,2026-06-05,521,494,30,7,N
OUT00000231,WO000029,P005,PR07,L04,2026-06-06,488,469,24,10,D
OUT00000232,WO000029,P005,PR08,L04,2026-06-06,462,457,5,1,N
OUT00000233,WO000030,P002,PR01,L02,2026-06-05,793,778,17,5,N
OUT00000234,WO000030,P002,PR02,L02,2026-06-05,768,753,18,6,N
OUT00000235,WO000030,P002,PR03,L02,2026-06-05,747,742,5,1,D
OUT00000236,WO000030,P002,PR04,L02,2026-06-06,742,723,22,6,N
OUT00000237,WO000030,P002,PR05,L02,2026-06-06,725,699,29,6,D
OUT00000238,WO000030,P002,PR06,L02,2026-06-06,695,666,37,16,N
OUT00000239,WO000030,P002,PR07,L02,2026-06-07,659,631,31,7,N
OUT00000240,WO000030,P002,PR08,L02,2026-06-07,632,626,7,2,D
OUT00000241,WO000031,P007,PR01,L03,2026-06-05,592,581,12,3,N
OUT00000242,WO000031,P007,PR02,L03,2026-06-05,572,558,16,4,D
OUT00000243,WO000031,P007,PR03,L03,2026-06-05,559,551,9,3,D
OUT00000244,WO000031,P007,PR04,L03,2026-06-06,547,528,22,6,D
OUT00000245,WO000031,P007,PR05,L03,2026-06-06,521,502,22,6,D
OUT00000246,WO000031,P007,PR06,L03,2026-06-06,502,480,25,6,N
OUT00000247,WO000031,P007,PR07,L03,2026-06-07,476,457,21,4,N
OUT00000248,WO000031,P007,PR08,L03,2026-06-07,450,445,5,1,N
OUT00000249,WO000032,P020,PR01,L02,2026-06-05,794,785,11,4,N
OUT00000250,WO000032,P020,PR02,L02,2026-06-05,782,765,20,7,N
OUT00000251,WO000032,P020,PR03,L02,2026-06-05,761,753,9,2,N
OUT00000252,WO000032,P020,PR04,L02,2026-06-06,755,731,26,4,D
OUT00000253,WO000032,P020,PR05,L02,2026-06-06,721,694,31,9,D
OUT00000254,WO000032,P020,PR06,L02,2026-06-06,693,666,31,9,N
OUT00000255,WO000032,P020,PR07,L02,2026-06-07,667,642,27,5,N
OUT00000256,WO000032,P020,PR08,L02,2026-06-07,634,631,3,1,D
OUT00000257,WO000033,P016,PR01,L01,2026-06-05,995,983,13,2,N
OUT00000258,WO000033,P016,PR02,L01,2026-06-05,986,966,23,6,D
OUT00000259,WO000033,P016,PR03,L01,2026-06-05,961,957,4,1,N
OUT00000260,WO000033,P016,PR04,L01,2026-06-06,948,920,31,6,N
OUT00000261,WO000033,P016,PR05,L01,2026-06-06,922,897,30,10,D
OUT00000262,WO000033,P016,PR06,L01,2026-06-06,893,858,40,10,D
OUT00000263,WO000033,P016,PR07,L01,2026-06-07,858,834,30,12,N
OUT00000264,WO000033,P016,PR08,L01,2026-06-07,835,832,3,1,N
OUT00000265,WO000034,P025,PR01,L04,2026-06-05,793,778,19,8,D
OUT00000266,WO000034,P025,PR02,L04,2026-06-05,775,755,25,10,N
OUT00000267,WO000034,P025,PR03,L04,2026-06-05,753,744,10,2,N
OUT00000268,WO000034,P025,PR04,L04,2026-06-06,746,721,27,5,D
OUT00000269,WO000034,P025,PR05,L04,2026-06-06,712,680,35,7,N
OUT00000270,WO000034,P025,PR06,L04,2026-06-06,672,638,38,9,N
OUT00000271,WO000034,P025,PR07,L04,2026-06-07,633,607,32,12,N
OUT00000272,WO000034,P025,PR08,L04,2026-06-07,600,594,7,3,N
OUT00000273,WO000035,P021,PR01,L04,2026-06-05,597,581,17,3,D
OUT00000274,WO000035,P021,PR02,L04,2026-06-05,574,560,17,6,N
OUT00000275,WO000035,P021,PR03,L04,2026-06-05,552,546,6,1,D
OUT00000276,WO000035,P021,PR04,L04,2026-06-06,548,530,22,9,D
OUT00000277,WO000035,P021,PR05,L04,2026-06-06,526,507,23,9,N
OUT00000278,WO000035,P021,PR06,L04,2026-06-06,504,478,29,6,N
OUT00000279,WO000035,P021,PR07,L04,2026-06-07,476,454,26,8,D
OUT00000280,WO000035,P021,PR08,L04,2026-06-07,448,441,8,3,N
OUT00000281,WO000036,P020,PR01,L03,2026-06-05,1494,1469,28,6,N
OUT00000282,WO000036,P020,PR02,L03,2026-06-05,1452,1422,35,10,D
OUT00000283,WO000036,P020,PR03,L03,2026-06-05,1420,1406,15,2,D
OUT00000284,WO000036,P020,PR04,L03,2026-06-06,1386,1345,47,11,N
OUT00000285,WO000036,P020,PR05,L03,2026-06-06,1349,1296,59,12,N
OUT00000286,WO000036,P020,PR06,L03,2026-06-06,1278,1223,64,18,N
OUT00000287,WO000036,P020,PR07,L03,2026-06-07,1213,1166,59,22,N
OUT00000288,WO000036,P020,PR08,L03,2026-06-07,1151,1144,8,2,D
OUT00000289,WO000037,P019,PR01,L02,2026-06-06,1785,1764,25,8,D
OUT00000290,WO000037,P019,PR02,L02,2026-06-06,1764,1726,44,11,D
OUT00000291,WO000037,P019,PR03,L02,2026-06-06,1711,1695,18,4,N
OUT00000292,WO000037,P019,PR04,L02,2026-06-07,1688,1638,54,9,N
OUT00000293,WO000037,P019,PR05,L02,2026-06-07,1631,1583,59,21,N
OUT00000294,WO000037,P019,PR06,L02,2026-06-07,1565,1494,79,16,D
OUT00000295,WO000037,P019,PR07,L02,2026-06-08,1472,1411,72,21,D
OUT00000296,WO000037,P019,PR08,L02,2026-06-08,1395,1384,13,4,D
OUT00000297,WO000038,P001,PR01,L04,2026-06-06,1193,1172,27,11,D
OUT00000298,WO000038,P001,PR02,L04,2026-06-06,1161,1128,37,8,D
OUT00000299,WO000038,P001,PR03,L04,2026-06-06,1122,1106,19,6,N
OUT00000300,WO000038,P001,PR04,L04,2026-06-07,1104,1069,40,10,D
OUT00000301,WO000038,P001,PR05,L04,2026-06-07,1057,1018,51,22,D
OUT00000302,WO000038,P001,PR06,L04,2026-06-07,1015,965,55,10,N
OUT00000303,WO000038,P001,PR07,L04,2026-06-08,961,918,50,13,D
OUT00000304,WO000038,P001,PR08,L04,2026-06-08,918,906,13,3,D
OUT00000305,WO000039,P011,PR01,L04,2026-06-06,797,782,18,6,D
OUT00000306,WO000039,P011,PR02,L04,2026-06-06,773,750,25,5,N
OUT00000307,WO000039,P011,PR03,L04,2026-06-06,750,738,13,2,N
OUT00000308,WO000039,P011,PR04,L04,2026-06-07,730,705,29,8,D
OUT00000309,WO000039,P011,PR05,L04,2026-06-07,699,673,33,14,N
OUT00000310,WO000039,P011,PR06,L04,2026-06-07,675,643,40,16,D
OUT00000311,WO000039,P011,PR07,L04,2026-06-08,638,612,33,14,N
OUT00000312,WO000039,P011,PR08,L04,2026-06-08,612,605,7,1,N
OUT00000313,WO000040,P020,PR01,L05,2026-06-06,802,792,11,3,N
OUT00000314,WO000040,P020,PR02,L05,2026-06-06,791,773,20,4,N
OUT00000315,WO000040,P020,PR03,L05,2026-06-06,770,763,8,2,N
OUT00000316,WO000040,P020,PR04,L05,2026-06-07,759,737,25,7,N
OUT00000317,WO000040,P020,PR05,L05,2026-06-07,732,710,28,12,N
OUT00000318,WO000040,P020,PR06,L05,2026-06-07,710,677,37,8,D
OUT00000319,WO000040,P020,PR07,L05,2026-06-08,678,650,31,6,N
OUT00000320,WO000040,P020,PR08,L05,2026-06-08,648,645,3,1,N
OUT00000321,WO000041,P020,PR01,L04,2026-06-06,1494,1458,46,19,D
OUT00000322,WO000041,P020,PR02,L04,2026-06-06,1461,1424,46,17,D
OUT00000323,WO000041,P020,PR03,L04,2026-06-06,1430,1417,15,5,D
OUT00000324,WO000041,P020,PR04,L04,2026-06-07,1413,1367,60,26,N
OUT00000325,WO000041,P020,PR05,L04,2026-06-07,1365,1318,60,24,D
OUT00000326,WO000041,P020,PR06,L04,2026-06-07,1301,1239,74,23,N
OUT00000327,WO000041,P020,PR07,L04,2026-06-08,1224,1172,63,20,D
OUT00000328,WO000041,P020,PR08,L04,2026-06-08,1154,1143,12,3,D
OUT00000329,WO000042,P013,PR01,L05,2026-06-06,2005,1974,33,5,D
OUT00000330,WO000042,P013,PR02,L05,2026-06-06,1963,1928,43,16,N
OUT00000331,WO000042,P013,PR03,L05,2026-06-06,1930,1911,20,3,D
OUT00000332,WO000042,P013,PR04,L05,2026-06-07,1898,1841,65,16,N
OUT00000333,WO000042,P013,PR05,L05,2026-06-07,1827,1767,66,12,D
OUT00000334,WO000042,P013,PR06,L05,2026-06-07,1750,1681,78,18,N
OUT00000335,WO000042,P013,PR07,L05,2026-06-08,1681,1631,64,26,D
OUT00000336,WO000042,P013,PR08,L05,2026-06-08,1634,1622,15,6,N
OUT00000337,WO000043,P026,PR01,L03,2026-06-06,591,581,11,2,N
OUT00000338,WO000043,P026,PR02,L03,2026-06-06,575,563,14,4,D
OUT00000339,WO000043,P026,PR03,L03,2026-06-06,560,556,5,2,N
OUT00000340,WO000043,P026,PR04,L03,2026-06-07,552,535,18,3,D
OUT00000341,WO000043,P026,PR05,L03,2026-06-07,533,514,21,4,N
OUT00000342,WO000043,P026,PR06,L03,2026-06-07,512,491,25,9,D
OUT00000343,WO000043,P026,PR07,L03,2026-06-08,489,472,21,8,D
OUT00000344,WO000043,P026,PR08,L03,2026-06-08,470,466,5,2,D
OUT00000345,WO000044,P002,PR01,L04,2026-06-07,996,970,29,6,D
OUT00000346,WO000044,P002,PR02,L04,2026-06-07,966,940,32,12,D
OUT00000347,WO000044,P002,PR03,L04,2026-06-07,930,919,13,5,N
OUT00000348,WO000044,P002,PR04,L04,2026-06-08,918,885,40,13,D
OUT00000349,WO000044,P002,PR05,L04,2026-06-08,881,842,45,12,N
OUT00000350,WO000044,P002,PR06,L04,2026-06-08,831,791,45,10,N
OUT00000351,WO000044,P002,PR07,L04,2026-06-09,789,752,41,8,D
OUT00000352,WO000044,P002,PR08,L04,2026-06-09,743,732,12,3,D
OUT00000353,WO000045,P005,PR01,L02,2026-06-07,1989,1951,42,9,N
OUT00000354,WO000045,P005,PR02,L02,2026-06-07,1935,1897,48,19,N
OUT00000355,WO000045,P005,PR03,L02,2026-06-07,1899,1883,18,5,N
OUT00000356,WO000045,P005,PR04,L02,2026-06-08,1878,1826,59,13,D
OUT00000357,WO000045,P005,PR05,L02,2026-06-08,1799,1728,80,18,N
OUT00000358,WO000045,P005,PR06,L02,2026-06-08,1714,1637,88,20,D
OUT00000359,WO000045,P005,PR07,L02,2026-06-09,1624,1569,69,27,N
OUT00000360,WO000045,P005,PR08,L02,2026-06-09,1572,1555,20,6,N
OUT00000361,WO000046,P011,PR01,L03,2026-06-07,1779,1752,30,6,N
OUT00000362,WO000046,P011,PR02,L03,2026-06-07,1725,1693,39,14,N
OUT00000363,WO000046,P011,PR03,L03,2026-06-07,1678,1659,23,8,N
OUT00000364,WO000046,P011,PR04,L03,2026-06-08,1645,1596,55,11,D
OUT00000365,WO000046,P011,PR05,L03,2026-06-08,1603,1546,73,30,D
OUT00000366,WO000046,P011,PR06,L03,2026-06-08,1536,1477,75,30,D
OUT00000367,WO000046,P011,PR07,L03,2026-06-09,1468,1414,63,18,D
OUT00000368,WO000046,P011,PR08,L03,2026-06-09,1412,1403,11,5,N
OUT00000369,WO000047,P005,PR01,L02,2026-06-07,790,780,13,6,N
OUT00000370,WO000047,P005,PR02,L02,2026-06-07,777,759,19,3,D
OUT00000371,WO000047,P005,PR03,L02,2026-06-07,751,745,7,2,N
OUT00000372,WO000047,P005,PR04,L02,2026-06-08,738,720,22,9,N
OUT00000373,WO000047,P005,PR05,L02,2026-06-08,711,684,31,8,D
OUT00000374,WO000047,P005,PR06,L02,2026-06-08,681,654,33,11,N
OUT00000375,WO000047,P005,PR07,L02,2026-06-09,649,626,27,9,D
OUT00000376,WO000047,P005,PR08,L02,2026-06-09,619,616,4,2,N
OUT00000377,WO000048,P024,PR01,L02,2026-06-07,993,976,21,8,D
OUT00000378,WO000048,P024,PR02,L02,2026-06-07,961,940,23,4,D
OUT00000379,WO000048,P024,PR03,L02,2026-06-07,937,930,7,1,D
OUT00000380,WO000048,P024,PR04,L02,2026-06-08,933,906,31,8,D
OUT00000381,WO000048,P024,PR05,L02,2026-06-08,907,877,34,9,D
OUT00000382,WO000048,P024,PR06,L02,2026-06-08,868,835,41,16,D
OUT00000383,WO000048,P024,PR07,L02,2026-06-09,825,791,39,10,D
OUT00000384,WO000048,P024,PR08,L02,2026-06-09,780,772,9,3,D
OUT00000385,WO000049,P007,PR01,L04,2026-06-07,1792,1745,54,14,N
OUT00000386,WO000049,P007,PR02,L04,2026-06-07,1750,1708,45,7,D
OUT00000387,WO000049,P007,PR03,L04,2026-06-07,1699,1672,31,9,N
OUT00000388,WO000049,P007,PR04,L04,2026-06-08,1668,1605,69,11,D
OUT00000389,WO000049,P007,PR05,L04,2026-06-08,1594,1526,80,22,D
OUT00000390,WO000049,P007,PR06,L04,2026-06-08,1531,1466,85,38,D
OUT00000391,WO000049,P007,PR07,L04,2026-06-09,1450,1388,69,14,D
OUT00000392,WO000049,P007,PR08,L04,2026-06-09,1373,1354,25,11,N
OUT00000393,WO000050,P027,PR01,L01,2026-06-07,987,978,10,3,N
OUT00000394,WO000050,P027,PR02,L01,2026-06-07,969,952,21,8,N
OUT00000395,WO000050,P027,PR03,L01,2026-06-07,937,934,4,2,D
OUT00000396,WO000050,P027,PR04,L01,2026-06-08,920,896,26,4,N
OUT00000397,WO000050,P027,PR05,L01,2026-06-08,898,873,29,8,N
OUT00000398,WO000050,P027,PR06,L01,2026-06-08,871,834,41,9,N
OUT00000399,WO000050,P027,PR07,L01,2026-06-09,833,804,32,7,D
OUT00000400,WO000050,P027,PR08,L01,2026-06-09,794,791,3,1,D
OUT00000401,WO000051,P004,PR01,L05,2026-06-07,1199,1176,25,5,N
OUT00000402,WO000051,P004,PR02,L05,2026-06-07,1158,1140,22,8,D
OUT00000403,WO000051,P004,PR03,L05,2026-06-07,1142,1138,5,2,N
OUT00000404,WO000051,P004,PR04,L05,2026-06-08,1139,1104,40,10,N
OUT00000405,WO000051,P004,PR05,L05,2026-06-08,1091,1054,45,15,D
OUT00000406,WO000051,P004,PR06,L05,2026-06-08,1054,1015,47,15,N
OUT00000407,WO000051,P004,PR07,L05,2026-06-09,1011,980,39,15,N
OUT00000408,WO000051,P004,PR08,L05,2026-06-09,977,974,4,2,N
OUT00000409,WO000052,P013,PR01,L04,2026-06-07,1480,1450,39,17,D
OUT00000410,WO000052,P013,PR02,L04,2026-06-07,1442,1404,44,12,N
OUT00000411,WO000052,P013,PR03,L04,2026-06-07,1396,1371,28,6,D
OUT00000412,WO000052,P013,PR04,L04,2026-06-08,1352,1312,48,15,D
OUT00000413,WO000052,P013,PR05,L04,2026-06-08,1292,1241,60,17,D
OUT00000414,WO000052,P013,PR06,L04,2026-06-08,1228,1172,64,16,D
OUT00000415,WO000052,P013,PR07,L04,2026-06-09,1167,1115,58,12,N
OUT00000416,WO000052,P013,PR08,L04,2026-06-09,1110,1095,18,7,N
OUT00000417,WO000053,P008,PR01,L02,2026-06-07,1494,1470,27,6,N
OUT00000418,WO000053,P008,PR02,L02,2026-06-07,1453,1430,30,13,N
OUT00000419,WO000053,P008,PR03,L02,2026-06-07,1416,1399,18,3,D
OUT00000420,WO000053,P008,PR04,L02,2026-06-08,1396,1359,40,7,N
OUT00000421,WO000053,P008,PR05,L02,2026-06-08,1341,1290,59,15,N
OUT00000422,WO000053,P008,PR06,L02,2026-06-08,1294,1236,69,21,N
OUT00000423,WO000053,P008,PR07,L02,2026-06-09,1234,1184,56,12,D
OUT00000424,WO000053,P008,PR08,L02,2026-06-09,1177,1171,7,2,D
OUT00000425,WO000054,P001,PR01,L04,2026-06-08,1979,1939,43,6,D
OUT00000426,WO000054,P001,PR02,L04,2026-06-08,1943,1899,51,13,N
OUT00000427,WO000054,P001,PR03,L04,2026-06-08,1905,1877,34,11,N
OUT00000428,WO000054,P001,PR04,L04,2026-06-09,1851,1797,66,23,D
OUT00000429,WO000054,P001,PR05,L04,2026-06-09,1795,1733,78,30,N
OUT00000430,WO000054,P001,PR06,L04,2026-06-09,1707,1630,96,35,D
OUT00000431,WO000054,P001,PR07,L04,2026-06-10,1623,1549,81,13,D
OUT00000432,WO000054,P001,PR08,L04,2026-06-10,1530,1515,17,5,D
OUT00000433,WO000055,P014,PR01,L03,2026-06-08,1491,1464,34,13,N
OUT00000434,WO000055,P014,PR02,L03,2026-06-08,1447,1420,31,8,N
OUT00000435,WO000055,P014,PR03,L03,2026-06-08,1398,1384,17,6,N
OUT00000436,WO000055,P014,PR04,L03,2026-06-09,1370,1333,46,18,D
OUT00000437,WO000055,P014,PR05,L03,2026-06-09,1332,1281,64,25,N
OUT00000438,WO000055,P014,PR06,L03,2026-06-09,1277,1215,69,14,D
OUT00000439,WO000055,P014,PR07,L03,2026-06-10,1211,1162,62,24,N
OUT00000440,WO000055,P014,PR08,L03,2026-06-10,1166,1157,10,3,D
OUT00000441,WO000056,P015,PR01,L04,2026-06-08,1975,1931,51,14,N
OUT00000442,WO000056,P015,PR02,L04,2026-06-08,1928,1885,55,22,N
OUT00000443,WO000056,P015,PR03,L04,2026-06-08,1881,1856,32,13,N
OUT00000444,WO000056,P015,PR04,L04,2026-06-09,1838,1773,72,14,N
OUT00000445,WO000056,P015,PR05,L04,2026-06-09,1772,1701,89,33,D
OUT00000446,WO000056,P015,PR06,L04,2026-06-09,1705,1625,95,28,D
OUT00000447,WO000056,P015,PR07,L04,2026-06-10,1609,1536,87,27,N
OUT00000448,WO000056,P015,PR08,L04,2026-06-10,1532,1508,28,8,N
OUT00000449,WO000057,P011,PR01,L02,2026-06-08,1196,1179,20,6,D
OUT00000450,WO000057,P011,PR02,L02,2026-06-08,1162,1143,21,5,D
OUT00000451,WO000057,P011,PR03,L02,2026-06-08,1129,1123,7,2,N
OUT00000452,WO000057,P011,PR04,L02,2026-06-09,1113,1081,35,6,D
OUT00000453,WO000057,P011,PR05,L02,2026-06-09,1075,1036,46,14,D
OUT00000454,WO000057,P011,PR06,L02,2026-06-09,1032,986,52,11,N
OUT00000455,WO000057,P011,PR07,L02,2026-06-10,986,952,45,20,N
OUT00000456,WO000057,P011,PR08,L02,2026-06-10,941,937,4,1,D
OUT00000457,WO000058,P023,PR01,L02,2026-06-08,1481,1454,35,15,N
OUT00000458,WO000058,P023,PR02,L02,2026-06-08,1437,1411,33,13,N
OUT00000459,WO000058,P023,PR03,L02,2026-06-08,1392,1384,9,2,N
OUT00000460,WO000058,P023,PR04,L02,2026-06-09,1370,1333,46,18,D
OUT00000461,WO000058,P023,PR05,L02,2026-06-09,1320,1277,55,23,D
OUT00000462,WO000058,P023,PR06,L02,2026-06-09,1282,1236,58,23,D
OUT00000463,WO000058,P023,PR07,L02,2026-06-10,1221,1175,54,15,D
OUT00000464,WO000058,P023,PR08,L02,2026-06-10,1172,1166,7,3,N
OUT00000465,WO000059,P027,PR01,L01,2026-06-08,796,785,12,2,N
OUT00000466,WO000059,P027,PR02,L01,2026-06-08,781,772,11,4,N
OUT00000467,WO000059,P027,PR03,L01,2026-06-08,766,760,7,2,D
OUT00000468,WO000059,P027,PR04,L01,2026-06-09,761,741,24,9,N
OUT00000469,WO000059,P027,PR05,L01,2026-06-09,743,716,30,7,D
OUT00000470,WO000059,P027,PR06,L01,2026-06-09,713,687,29,7,N
OUT00000471,WO000059,P027,PR07,L01,2026-06-10,686,664,26,9,N
OUT00000472,WO000059,P027,PR08,L01,2026-06-10,655,652,3,1,N
OUT00000473,WO000060,P005,PR01,L01,2026-06-09,1186,1171,17,4,D
OUT00000474,WO000060,P005,PR02,L01,2026-06-09,1173,1153,22,5,N
OUT00000475,WO000060,P005,PR03,L01,2026-06-09,1138,1131,9,4,N
OUT00000476,WO000060,P005,PR04,L01,2026-06-10,1117,1092,28,6,D
OUT00000477,WO000060,P005,PR05,L01,2026-06-10,1090,1055,43,16,N
OUT00000478,WO000060,P005,PR06,L01,2026-06-10,1049,1007,49,13,D
OUT00000479,WO000060,P005,PR07,L01,2026-06-11,998,961,43,12,N
OUT00000480,WO000060,P005,PR08,L01,2026-06-11,947,940,8,2,D
OUT00000481,WO000061,P009,PR01,L01,2026-06-09,594,587,8,3,N
OUT00000482,WO000061,P009,PR02,L01,2026-06-09,578,569,11,4,D
OUT00000483,WO000061,P009,PR03,L01,2026-06-09,568,566,2,0,D
OUT00000484,WO000061,P009,PR04,L01,2026-06-10,560,546,16,5,D
OUT00000485,WO000061,P009,PR05,L01,2026-06-10,543,529,18,8,N
OUT00000486,WO000061,P009,PR06,L01,2026-06-10,521,502,22,7,D
OUT00000487,WO000061,P009,PR07,L01,2026-06-11,498,480,19,3,D
OUT00000488,WO000061,P009,PR08,L01,2026-06-11,473,471,2,0,N
OUT00000489,WO000062,P022,PR01,L01,2026-06-09,997,984,15,5,D
OUT00000490,WO000062,P022,PR02,L01,2026-06-09,985,967,21,6,D
OUT00000491,WO000062,P022,PR03,L01,2026-06-09,960,956,4,1,N
OUT00000492,WO000062,P022,PR04,L01,2026-06-10,954,926,32,8,D
OUT00000493,WO000062,P022,PR05,L01,2026-06-10,929,903,29,6,N
OUT00000494,WO000062,P022,PR06,L01,2026-06-10,899,866,37,9,D
OUT00000495,WO000062,P022,PR07,L01,2026-06-11,867,840,31,9,D
OUT00000496,WO000062,P022,PR08,L01,2026-06-11,833,830,3,1,D
OUT00000497,WO000063,P017,PR01,L02,2026-06-09,789,777,15,6,D
OUT00000498,WO000063,P017,PR02,L02,2026-06-09,772,755,20,6,D
OUT00000499,WO000063,P017,PR03,L02,2026-06-09,749,740,9,1,N
OUT00000500,WO000063,P017,PR04,L02,2026-06-10,736,715,25,8,N
OUT00000501,WO000063,P017,PR05,L02,2026-06-10,707,685,26,8,N
OUT00000502,WO000063,P017,PR06,L02,2026-06-10,676,650,33,13,D
OUT00000503,WO000063,P017,PR07,L02,2026-06-11,643,620,27,8,D
OUT00000504,WO000063,P017,PR08,L02,2026-06-11,616,609,7,1,D
OUT00000505,WO000064,P009,PR01,L03,2026-06-09,1799,1760,48,17,N
OUT00000506,WO000064,P009,PR02,L03,2026-06-09,1736,1708,37,17,D
OUT00000507,WO000064,P009,PR03,L03,2026-06-09,1686,1675,14,6,N
OUT00000508,WO000064,P009,PR04,L03,2026-06-10,1653,1600,61,16,D
OUT00000509,WO000064,P009,PR05,L03,2026-06-10,1583,1531,63,20,N
OUT00000510,WO000064,P009,PR06,L03,2026-06-10,1536,1468,76,16,N
OUT00000511,WO000064,P009,PR07,L03,2026-06-11,1455,1399,65,18,N
OUT00000512,WO000064,P009,PR08,L03,2026-06-11,1401,1391,12,4,N
OUT00000513,WO000065,P020,PR01,L05,2026-06-09,1189,1171,22,9,D
OUT00000514,WO000065,P020,PR02,L05,2026-06-09,1167,1150,20,7,N
OUT00000515,WO000065,P020,PR03,L05,2026-06-09,1136,1129,7,1,D
OUT00000516,WO000065,P020,PR04,L05,2026-06-10,1127,1094,37,9,D
OUT00000517,WO000065,P020,PR05,L05,2026-06-10,1079,1047,40,16,N
OUT00000518,WO000065,P020,PR06,L05,2026-06-10,1037,999,47,18,N
OUT00000519,WO000065,P020,PR07,L05,2026-06-11,1002,967,38,6,N
OUT00000520,WO000065,P020,PR08,L05,2026-06-11,965,961,5,2,D
OUT00000521,WO000066,P004,PR01,L03,2026-06-10,788,772,20,9,N
OUT00000522,WO000066,P004,PR02,L03,2026-06-10,769,752,21,8,N
OUT00000523,WO000066,P004,PR03,L03,2026-06-10,754,746,10,4,D
OUT00000524,WO000066,P004,PR04,L03,2026-06-11,749,722,29,4,N
OUT00000525,WO000066,P004,PR05,L03,2026-06-11,715,685,33,6,D
OUT00000526,WO000066,P004,PR06,L03,2026-06-11,675,646,37,15,N
OUT00000527,WO000066,P004,PR07,L03,2026-06-12,648,625,29,12,D
OUT00000528,WO000066,P004,PR08,L03,2026-06-12,627,620,8,2,N
OUT00000529,WO000067,P016,PR01,L04,2026-06-10,1493,1460,41,15,N
OUT00000530,WO000067,P016,PR02,L04,2026-06-10,1462,1423,51,22,D
OUT00000531,WO000067,P016,PR03,L04,2026-06-10,1427,1406,28,13,D
OUT00000532,WO000067,P016,PR04,L04,2026-06-11,1399,1351,59,20,N
OUT00000533,WO000067,P016,PR05,L04,2026-06-11,1353,1297,60,9,D
OUT00000534,WO000067,P016,PR06,L04,2026-06-11,1301,1242,68,17,D
OUT00000535,WO000067,P016,PR07,L04,2026-06-12,1244,1190,58,9,D
OUT00000536,WO000067,P016,PR08,L04,2026-06-12,1190,1175,18,7,D
OUT00000537,WO000068,P027,PR01,L02,2026-06-10,790,779,13,4,N
OUT00000538,WO000068,P027,PR02,L02,2026-06-10,771,756,16,3,D
OUT00000539,WO000068,P027,PR03,L02,2026-06-10,752,747,5,1,N
OUT00000540,WO000068,P027,PR04,L02,2026-06-11,745,721,28,9,D
OUT00000541,WO000068,P027,PR05,L02,2026-06-11,717,691,31,10,D
OUT00000542,WO000068,P027,PR06,L02,2026-06-11,693,667,33,13,N
OUT00000543,WO000068,P027,PR07,L02,2026-06-12,664,640,27,7,D
OUT00000544,WO000068,P027,PR08,L02,2026-06-12,642,635,8,3,D
OUT00000545,WO000069,P009,PR01,L04,2026-06-10,1977,1928,55,12,D
OUT00000546,WO000069,P009,PR02,L04,2026-06-10,1911,1864,53,12,D
OUT00000547,WO000069,P009,PR03,L04,2026-06-10,1859,1827,35,6,D
OUT00000548,WO000069,P009,PR04,L04,2026-06-11,1801,1742,70,20,D
OUT00000549,WO000069,P009,PR05,L04,2026-06-11,1746,1682,81,31,N
OUT00000550,WO000069,P009,PR06,L04,2026-06-11,1658,1580,90,23,N
OUT00000551,WO000069,P009,PR07,L04,2026-06-12,1566,1497,76,13,D
OUT00000552,WO000069,P009,PR08,L04,2026-06-12,1487,1465,27,10,D
OUT00000553,WO000070,P025,PR01,L05,2026-06-10,1988,1961,34,13,D
OUT00000554,WO000070,P025,PR02,L05,2026-06-10,1965,1930,44,17,D
OUT00000555,WO000070,P025,PR03,L05,2026-06-10,1911,1899,13,2,D
OUT00000556,WO000070,P025,PR04,L05,2026-06-11,1878,1818,67,14,N
OUT00000557,WO000070,P025,PR05,L05,2026-06-11,1815,1761,71,32,N
OUT00000558,WO000070,P025,PR06,L05,2026-06-11,1759,1696,76,24,N
OUT00000559,WO000070,P025,PR07,L05,2026-06-12,1694,1629,74,18,D
OUT00000560,WO000070,P025,PR08,L05,2026-06-12,1627,1613,17,7,D
OUT00000561,WO000071,P001,PR01,L03,2026-06-10,797,783,17,7,N
OUT00000562,WO000071,P001,PR02,L03,2026-06-10,786,770,18,5,D
OUT00000563,WO000071,P001,PR03,L03,2026-06-10,764,757,8,2,N
OUT00000564,WO000071,P001,PR04,L03,2026-06-11,746,721,27,5,N
OUT00000565,WO000071,P001,PR05,L03,2026-06-11,719,698,28,13,N
OUT00000566,WO000071,P001,PR06,L03,2026-06-11,695,660,39,9,N
OUT00000567,WO000071,P001,PR07,L03,2026-06-12,654,624,34,9,D
OUT00000568,WO000071,P001,PR08,L03,2026-06-12,622,616,7,2,D
OUT00000569,WO000072,P024,PR01,L03,2026-06-10,1796,1763,43,19,N
OUT00000570,WO000072,P024,PR02,L03,2026-06-10,1767,1725,47,10,N
OUT00000571,WO000072,P024,PR03,L03,2026-06-10,1704,1694,13,6,N
OUT00000572,WO000072,P024,PR04,L03,2026-06-11,1693,1645,62,27,N
OUT00000573,WO000072,P024,PR05,L03,2026-06-11,1638,1584,67,24,N
OUT00000574,WO000072,P024,PR06,L03,2026-06-11,1566,1486,89,18,D
OUT00000575,WO000072,P024,PR07,L03,2026-06-12,1487,1427,69,17,D
OUT00000576,WO000072,P024,PR08,L03,2026-06-12,1414,1395,22,7,D
OUT00000577,WO000073,P021,PR01,L01,2026-06-10,1982,1949,39,12,N
OUT00000578,WO000073,P021,PR02,L01,2026-06-10,1931,1892,45,11,D
OUT00000579,WO000073,P021,PR03,L01,2026-06-10,1867,1853,16,5,D
OUT00000580,WO000073,P021,PR04,L01,2026-06-11,1833,1783,61,20,D
OUT00000581,WO000073,P021,PR05,L01,2026-06-11,1779,1726,65,22,N
OUT00000582,WO000073,P021,PR06,L01,2026-06-11,1706,1643,76,25,N
OUT00000583,WO000073,P021,PR07,L01,2026-06-12,1635,1578,65,15,N
OUT00000584,WO000073,P021,PR08,L01,2026-06-12,1579,1567,14,4,N
OUT00000585,WO000074,P013,PR01,L02,2026-06-11,599,587,13,2,D
OUT00000586,WO000074,P013,PR02,L02,2026-06-11,587,572,16,3,N
OUT00000587,WO000074,P013,PR03,L02,2026-06-11,567,564,3,1,D
OUT00000588,WO000074,P013,PR04,L02,2026-06-12,558,545,16,6,N
OUT00000589,WO000074,P013,PR05,L02,2026-06-12,547,525,24,5,D
OUT00000590,WO000074,P013,PR06,L02,2026-06-12,527,504,27,8,N
OUT00000591,WO000074,P013,PR07,L02,2026-06-13,505,482,25,5,N
OUT00000592,WO000074,P013,PR08,L02,2026-06-13,478,476,2,1,D
OUT00000593,WO000075,P017,PR01,L02,2026-06-11,1977,1941,40,8,N
OUT00000594,WO000075,P017,PR02,L02,2026-06-11,1917,1884,41,15,N
OUT00000595,WO000075,P017,PR03,L02,2026-06-11,1886,1872,17,7,D
OUT00000596,WO000075,P017,PR04,L02,2026-06-12,1850,1797,60,14,D
OUT00000597,WO000075,P017,PR05,L02,2026-06-12,1800,1736,73,17,D
OUT00000598,WO000075,P017,PR06,L02,2026-06-12,1724,1647,92,29,N
OUT00000599,WO000075,P017,PR07,L02,2026-06-13,1642,1576,80,26,D
OUT00000600,WO000075,P017,PR08,L02,2026-06-13,1554,1541,15,5,D
OUT00000601,WO000076,P015,PR01,L05,2026-06-11,600,591,10,3,N
OUT00000602,WO000076,P015,PR02,L05,2026-06-11,583,572,14,6,D
OUT00000603,WO000076,P015,PR03,L05,2026-06-11,565,563,2,1,N
OUT00000604,WO000076,P015,PR04,L05,2026-06-12,557,543,18,8,D
OUT00000605,WO000076,P015,PR05,L05,2026-06-12,535,517,20,4,D
OUT00000606,WO000076,P015,PR06,L05,2026-06-12,512,491,26,10,D
OUT00000607,WO000076,P015,PR07,L05,2026-06-13,487,469,21,6,D
OUT00000608,WO000076,P015,PR08,L05,2026-06-13,463,461,2,0,D
OUT00000609,WO000077,P012,PR01,L04,2026-06-11,1801,1763,41,7,D
OUT00000610,WO000077,P012,PR02,L04,2026-06-11,1761,1720,54,24,N
OUT00000611,WO000077,P012,PR03,L04,2026-06-11,1710,1691,23,8,N
OUT00000612,WO000077,P012,PR04,L04,2026-06-12,1690,1631,74,29,D
OUT00000613,WO000077,P012,PR05,L04,2026-06-12,1622,1558,76,22,N
OUT00000614,WO000077,P012,PR06,L04,2026-06-12,1545,1466,87,15,D
OUT00000615,WO000077,P012,PR07,L04,2026-06-13,1459,1397,71,17,D
OUT00000616,WO000077,P012,PR08,L04,2026-06-13,1394,1379,18,7,D
OUT00000617,WO000078,P019,PR01,L04,2026-06-11,802,782,23,7,N
OUT00000618,WO000078,P019,PR02,L04,2026-06-11,773,755,20,5,N
OUT00000619,WO000078,P019,PR03,L04,2026-06-11,745,736,9,1,D
OUT00000620,WO000078,P019,PR04,L04,2026-06-12,737,710,29,5,N
OUT00000621,WO000078,P019,PR05,L04,2026-06-12,709,684,32,13,D
OUT00000622,WO000078,P019,PR06,L04,2026-06-12,681,646,41,11,N
OUT00000623,WO000078,P019,PR07,L04,2026-06-13,643,618,30,10,D
OUT00000624,WO000078,P019,PR08,L04,2026-06-13,616,606,11,3,N
OUT00000625,WO000079,P016,PR01,L01,2026-06-11,1506,1479,30,7,N
OUT00000626,WO000079,P016,PR02,L01,2026-06-11,1474,1446,34,11,D
OUT00000627,WO000079,P016,PR03,L01,2026-06-11,1443,1437,6,1,N
OUT00000628,WO000079,P016,PR04,L01,2026-06-12,1438,1397,48,13,N
OUT00000629,WO000079,P016,PR05,L01,2026-06-12,1381,1337,56,22,D
OUT00000630,WO000079,P016,PR06,L01,2026-06-12,1322,1276,54,16,D
OUT00000631,WO000079,P016,PR07,L01,2026-06-13,1265,1220,53,15,D
OUT00000632,WO000079,P016,PR08,L01,2026-06-13,1216,1211,5,1,N
OUT00000633,WO000080,P026,PR01,L05,2026-06-11,598,590,9,3,D
OUT00000634,WO000080,P026,PR02,L05,2026-06-11,589,579,11,3,N
OUT00000635,WO000080,P026,PR03,L05,2026-06-11,579,575,4,1,N
OUT00000636,WO000080,P026,PR04,L05,2026-06-12,575,558,18,3,N
OUT00000637,WO000080,P026,PR05,L05,2026-06-12,550,533,22,10,N
OUT00000638,WO000080,P026,PR06,L05,2026-06-12,528,505,27,9,D
OUT00000639,WO000080,P026,PR07,L05,2026-06-13,497,478,21,5,N
OUT00000640,WO000080,P026,PR08,L05,2026-06-13,480,478,2,0,N
OUT00000641,WO000081,P021,PR01,L01,2026-06-11,1504,1481,26,7,D
OUT00000642,WO000081,P021,PR02,L01,2026-06-11,1473,1446,30,6,D
OUT00000643,WO000081,P021,PR03,L01,2026-06-11,1438,1431,9,4,D
OUT00000644,WO000081,P021,PR04,L01,2026-06-12,1431,1391,45,10,D
OUT00000645,WO000081,P021,PR05,L01,2026-06-12,1396,1359,46,18,N
OUT00000646,WO000081,P021,PR06,L01,2026-06-12,1339,1281,64,11,N
OUT00000647,WO000081,P021,PR07,L01,2026-06-13,1263,1223,47,13,N
OUT00000648,WO000081,P021,PR08,L01,2026-06-13,1225,1221,5,2,N
OUT00000649,WO000082,P027,PR01,L01,2026-06-11,798,789,10,3,N
OUT00000650,WO000082,P027,PR02,L01,2026-06-11,782,768,17,6,N
OUT00000651,WO000082,P027,PR03,L01,2026-06-11,765,762,3,1,N
OUT00000652,WO000082,P027,PR04,L01,2026-06-12,762,745,21,8,D
OUT00000653,WO000082,P027,PR05,L01,2026-06-12,739,719,23,6,D
OUT00000654,WO000082,P027,PR06,L01,2026-06-12,719,692,33,12,N
OUT00000655,WO000082,P027,PR07,L01,2026-06-13,686,664,29,13,N
OUT00000656,WO000082,P027,PR08,L01,2026-06-13,654,651,3,1,D
OUT00000657,WO000083,P011,PR01,L03,2026-06-12,1773,1740,40,14,N
OUT00000658,WO000083,P011,PR02,L03,2026-06-12,1732,1690,48,11,D
OUT00000659,WO000083,P011,PR03,L03,2026-06-12,1697,1688,10,2,N
OUT00000660,WO000083,P011,PR04,L03,2026-06-13,1672,1618,67,25,D
OUT00000661,WO000083,P011,PR05,L03,2026-06-13,1615,1550,71,11,D
OUT00000662,WO000083,P011,PR06,L03,2026-06-13,1534,1467,75,15,N
OUT00000663,WO000083,P011,PR07,L03,2026-06-14,1456,1406,63,25,N
OUT00000664,WO000083,P011,PR08,L03,2026-06-14,1388,1380,10,4,D
OUT00000665,WO000084,P025,PR01,L01,2026-06-12,1190,1177,16,7,N
OUT00000666,WO000084,P025,PR02,L01,2026-06-12,1179,1163,18,4,N
OUT00000667,WO000084,P025,PR03,L01,2026-06-12,1152,1143,10,2,D
OUT00000668,WO000084,P025,PR04,L01,2026-06-13,1141,1110,34,6,D
OUT00000669,WO000084,P025,PR05,L01,2026-06-13,1107,1079,35,14,N
OUT00000670,WO000084,P025,PR06,L01,2026-06-13,1081,1036,50,10,N
OUT00000671,WO000084,P025,PR07,L01,2026-06-14,1026,995,37,11,D
OUT00000672,WO000084,P025,PR08,L01,2026-06-14,987,983,4,1,N
OUT00000673,WO000085,P014,PR01,L05,2026-06-12,1777,1743,38,8,D
OUT00000674,WO000085,P014,PR02,L05,2026-06-12,1720,1691,32,6,D
OUT00000675,WO000085,P014,PR03,L05,2026-06-12,1671,1664,8,2,N
OUT00000676,WO000085,P014,PR04,L05,2026-06-13,1662,1619,51,16,N
OUT00000677,WO000085,P014,PR05,L05,2026-06-13,1601,1547,66,23,N
OUT00000678,WO000085,P014,PR06,L05,2026-06-13,1535,1478,73,30,D
OUT00000679,WO000085,P014,PR07,L05,2026-06-14,1458,1403,61,12,N
OUT00000680,WO000085,P014,PR08,L05,2026-06-14,1403,1397,6,1,D
OUT00000681,WO000086,P007,PR01,L05,2026-06-12,597,586,12,3,N
OUT00000682,WO000086,P007,PR02,L05,2026-06-12,580,570,11,2,N
OUT00000683,WO000086,P007,PR03,L05,2026-06-12,568,566,2,1,N
OUT00000684,WO000086,P007,PR04,L05,2026-06-13,560,543,19,5,D
OUT00000685,WO000086,P007,PR05,L05,2026-06-13,543,526,21,8,D
OUT00000686,WO000086,P007,PR06,L05,2026-06-13,526,504,26,8,D
OUT00000687,WO000086,P007,PR07,L05,2026-06-14,497,479,20,5,N
OUT00000688,WO000086,P007,PR08,L05,2026-06-14,479,476,3,1,D
OUT00000689,WO000087,P001,PR01,L04,2026-06-12,1503,1466,46,18,N
OUT00000690,WO000087,P001,PR02,L04,2026-06-12,1461,1427,43,18,D
OUT00000691,WO000087,P001,PR03,L04,2026-06-12,1417,1393,28,9,D
OUT00000692,WO000087,P001,PR04,L04,2026-06-13,1379,1334,50,10,D
OUT00000693,WO000087,P001,PR05,L04,2026-06-13,1336,1277,66,14,N
OUT00000694,WO000087,P001,PR06,L04,2026-06-13,1278,1216,78,30,N
OUT00000695,WO000087,P001,PR07,L04,2026-06-14,1210,1156,63,18,N
OUT00000696,WO000087,P001,PR08,L04,2026-06-14,1149,1130,21,5,N
OUT00000697,WO000088,P026,PR01,L05,2026-06-12,1494,1470,30,11,N
OUT00000698,WO000088,P026,PR02,L05,2026-06-12,1471,1451,25,10,D
OUT00000699,WO000088,P026,PR03,L05,2026-06-12,1445,1435,12,5,D
OUT00000700,WO000088,P026,PR04,L05,2026-06-13,1435,1396,47,16,D
OUT00000701,WO000088,P026,PR05,L05,2026-06-13,1377,1325,57,10,N
OUT00000702,WO000088,P026,PR06,L05,2026-06-13,1314,1269,57,23,N
OUT00000703,WO000088,P026,PR07,L05,2026-06-14,1253,1213,48,16,D
OUT00000704,WO000088,P026,PR08,L05,2026-06-14,1211,1203,10,4,N
OUT00000705,WO000089,P025,PR01,L05,2026-06-12,1485,1457,32,8,D
OUT00000706,WO000089,P025,PR02,L05,2026-06-12,1455,1428,33,12,D
OUT00000707,WO000089,P025,PR03,L05,2026-06-12,1408,1402,7,2,N
OUT00000708,WO000089,P025,PR04,L05,2026-06-13,1395,1362,42,17,D
OUT00000709,WO000089,P025,PR05,L05,2026-06-13,1351,1311,48,15,D
OUT00000710,WO000089,P025,PR06,L05,2026-06-13,1312,1264,63,28,N
OUT00000711,WO000089,P025,PR07,L05,2026-06-14,1259,1220,47,16,D
OUT00000712,WO000089,P025,PR08,L05,2026-06-14,1220,1210,11,3,N
OUT00000713,WO000090,P001,PR01,L04,2026-06-13,1198,1169,33,9,N
OUT00000714,WO000090,P001,PR02,L04,2026-06-13,1171,1138,37,9,N
OUT00000715,WO000090,P001,PR03,L04,2026-06-13,1137,1124,17,8,D
OUT00000716,WO000090,P001,PR04,L04,2026-06-14,1113,1075,49,20,D
OUT00000717,WO000090,P001,PR05,L04,2026-06-14,1078,1031,55,16,D
OUT00000718,WO000090,P001,PR06,L04,2026-06-14,1026,975,55,9,N
OUT00000719,WO000090,P001,PR07,L04,2026-06-15,972,932,45,10,D
OUT00000720,WO000090,P001,PR08,L04,2026-06-15,924,909,16,3,D
OUT00000721,WO000091,P022,PR01,L03,2026-06-13,991,974,18,3,N
OUT00000722,WO000091,P022,PR02,L03,2026-06-13,959,941,22,8,D
OUT00000723,WO000091,P022,PR03,L03,2026-06-13,941,930,12,2,D
OUT00000724,WO000091,P022,PR04,L03,2026-06-14,933,907,30,9,D
OUT00000725,WO000091,P022,PR05,L03,2026-06-14,898,861,41,8,D
OUT00000726,WO000091,P022,PR06,L03,2026-06-14,854,819,43,16,N
OUT00000727,WO000091,P022,PR07,L03,2026-06-15,813,777,42,11,D
OUT00000728,WO000091,P022,PR08,L03,2026-06-15,769,761,9,2,D
OUT00000729,WO000092,P013,PR01,L04,2026-06-13,1806,1769,45,16,D
OUT00000730,WO000092,P013,PR02,L04,2026-06-13,1763,1719,56,23,D
OUT00000731,WO000092,P013,PR03,L04,2026-06-13,1699,1684,18,7,D
OUT00000732,WO000092,P013,PR04,L04,2026-06-14,1675,1618,62,10,D
OUT00000733,WO000092,P013,PR05,L04,2026-06-14,1613,1556,72,28,D
OUT00000734,WO000092,P013,PR06,L04,2026-06-14,1557,1475,90,16,N
OUT00000735,WO000092,P013,PR07,L04,2026-06-15,1466,1404,76,26,N
OUT00000736,WO000092,P013,PR08,L04,2026-06-15,1403,1386,19,4,D
OUT00000737,WO000093,P004,PR01,L02,2026-06-13,1996,1957,42,7,N
OUT00000738,WO000093,P004,PR02,L02,2026-06-13,1928,1888,53,24,D
OUT00000739,WO000093,P004,PR03,L02,2026-06-13,1892,1874,22,9,N
OUT00000740,WO000093,P004,PR04,L02,2026-06-14,1860,1814,53,13,D
OUT00000741,WO000093,P004,PR05,L02,2026-06-14,1794,1734,69,17,D
OUT00000742,WO000093,P004,PR06,L02,2026-06-14,1724,1652,79,14,N
OUT00000743,WO000093,P004,PR07,L02,2026-06-15,1657,1598,77,34,D
OUT00000744,WO000093,P004,PR08,L02,2026-06-15,1590,1584,7,2,D
OUT00000745,WO000094,P018,PR01,L02,2026-06-13,597,585,13,3,D
OUT00000746,WO000094,P018,PR02,L02,2026-06-13,577,564,15,4,D
OUT00000747,WO000094,P018,PR03,L02,2026-06-13,565,561,4,1,N
OUT00000748,WO000094,P018,PR04,L02,2026-06-14,557,539,20,5,D
OUT00000749,WO000094,P018,PR05,L02,2026-06-14,536,519,21,9,N
OUT00000750,WO000094,P018,PR06,L02,2026-06-14,518,498,23,7,N
OUT00000751,WO000094,P018,PR07,L02,2026-06-15,499,480,24,10,D
OUT00000752,WO000094,P018,PR08,L02,2026-06-15,476,472,4,1,N
OUT00000753,WO000095,P001,PR01,L05,2026-06-13,592,585,8,2,D
OUT00000754,WO000095,P001,PR02,L05,2026-06-13,585,573,14,5,N
OUT00000755,WO000095,P001,PR03,L05,2026-06-13,573,571,2,1,N
OUT00000756,WO000095,P001,PR04,L05,2026-06-14,562,547,19,8,N
OUT00000757,WO000095,P001,PR05,L05,2026-06-14,543,527,18,5,D
OUT00000758,WO000095,P001,PR06,L05,2026-06-14,523,500,26,6,D
OUT00000759,WO000095,P001,PR07,L05,2026-06-15,496,477,21,5,D
OUT00000760,WO000095,P001,PR08,L05,2026-06-15,476,472,4,1,D
OUT00000761,WO000096,P007,PR01,L05,2026-06-14,1506,1477,33,8,D
OUT00000762,WO000096,P007,PR02,L05,2026-06-14,1478,1450,34,12,D
OUT00000763,WO000096,P007,PR03,L05,2026-06-14,1444,1437,9,4,N
OUT00000764,WO000096,P007,PR04,L05,2026-06-15,1420,1383,48,21,N
OUT00000765,WO000096,P007,PR05,L05,2026-06-15,1383,1345,46,16,D
OUT00000766,WO000096,P007,PR06,L05,2026-06-15,1337,1287,63,24,D
OUT00000767,WO000096,P007,PR07,L05,2026-06-16,1280,1235,51,12,D
OUT00000768,WO000096,P007,PR08,L05,2026-06-16,1232,1226,7,2,D
OUT00000769,WO000097,P017,PR01,L02,2026-06-14,996,979,21,9,N
OUT00000770,WO000097,P017,PR02,L02,2026-06-14,966,948,22,8,N
OUT00000771,WO000097,P017,PR03,L02,2026-06-14,942,931,12,3,N
OUT00000772,WO000097,P017,PR04,L02,2026-06-15,922,897,28,7,D
OUT00000773,WO000097,P017,PR05,L02,2026-06-15,899,871,35,13,D
OUT00000774,WO000097,P017,PR06,L02,2026-06-15,866,826,47,13,D
OUT00000775,WO000097,P017,PR07,L02,2026-06-16,814,785,36,13,N
OUT00000776,WO000097,P017,PR08,L02,2026-06-16,782,779,3,1,D
OUT00000777,WO000098,P009,PR01,L04,2026-06-14,1184,1158,28,4,D
OUT00000778,WO000098,P009,PR02,L04,2026-06-14,1159,1123,40,8,N
OUT00000779,WO000098,P009,PR03,L04,2026-06-14,1108,1096,15,6,N
OUT00000780,WO000098,P009,PR04,L04,2026-06-15,1080,1042,45,13,D
OUT00000781,WO000098,P009,PR05,L04,2026-06-15,1034,993,52,20,N
OUT00000782,WO000098,P009,PR06,L04,2026-06-15,981,936,55,19,N
OUT00000783,WO000098,P009,PR07,L04,2026-06-16,929,890,43,8,N
OUT00000784,WO000098,P009,PR08,L04,2026-06-16,893,883,12,5,N
OUT00000785,WO000099,P017,PR01,L03,2026-06-14,794,777,21,9,N
OUT00000786,WO000099,P017,PR02,L03,2026-06-14,771,756,19,8,D
OUT00000787,WO000099,P017,PR03,L03,2026-06-14,746,741,6,2,N
OUT00000788,WO000099,P017,PR04,L03,2026-06-15,738,717,25,8,D
OUT00000789,WO000099,P017,PR05,L03,2026-06-15,719,695,31,14,N
OUT00000790,WO000099,P017,PR06,L03,2026-06-15,694,662,36,9,N
OUT00000791,WO000099,P017,PR07,L03,2026-06-16,662,634,31,7,D
OUT00000792,WO000099,P017,PR08,L03,2026-06-16,626,621,5,1,N
OUT00000793,WO000100,P021,PR01,L01,2026-06-14,598,592,7,2,N
OUT00000794,WO000100,P021,PR02,L01,2026-06-14,592,581,13,5,N
OUT00000795,WO000100,P021,PR03,L01,2026-06-14,577,575,2,1,D
OUT00000796,WO000100,P021,PR04,L01,2026-06-15,568,553,18,7,N
OUT00000797,WO000100,P021,PR05,L01,2026-06-15,546,530,18,4,D
OUT00000798,WO000100,P021,PR06,L01,2026-06-15,524,505,23,9,N
OUT00000799,WO000100,P021,PR07,L01,2026-06-16,499,482,18,3,N
OUT00000800,WO000100,P021,PR08,L01,2026-06-16,478,476,2,0,N
OUT00000801,WO000101,P005,PR01,L01,2026-06-14,602,595,8,2,D
OUT00000802,WO000101,P005,PR02,L01,2026-06-14,589,580,10,3,D
OUT00000803,WO000101,P005,PR03,L01,2026-06-14,572,570,2,1,N
OUT00000804,WO000101,P005,PR04,L01,2026-06-15,563,547,18,5,D
OUT00000805,WO000101,P005,PR05,L01,2026-06-15,544,525,20,3,D
OUT00000806,WO000101,P005,PR06,L01,2026-06-15,522,502,22,4,N
OUT00000807,WO000101,P005,PR07,L01,2026-06-16,495,478,22,10,N
OUT00000808,WO000101,P005,PR08,L01,2026-06-16,476,474,2,1,D
OUT00000809,WO000102,P008,PR01,L05,2026-06-14,1190,1168,25,7,N
OUT00000810,WO000102,P008,PR02,L05,2026-06-14,1173,1156,22,10,N
OUT00000811,WO000102,P008,PR03,L05,2026-06-14,1157,1148,10,3,D
OUT00000812,WO000102,P008,PR04,L05,2026-06-15,1139,1110,32,7,N
OUT00000813,WO000102,P008,PR05,L05,2026-06-15,1113,1078,45,19,D
OUT00000814,WO000102,P008,PR06,L05,2026-06-15,1065,1022,50,13,D
OUT00000815,WO000102,P008,PR07,L05,2026-06-16,1006,971,39,9,N
OUT00000816,WO000102,P008,PR08,L05,2026-06-16,966,963,4,2,D
OUT00000817,WO000103,P026,PR01,L03,2026-06-14,2007,1975,37,10,N
OUT00000818,WO000103,P026,PR02,L03,2026-06-14,1954,1915,45,12,N
OUT00000819,WO000103,P026,PR03,L03,2026-06-14,1887,1861,29,7,D
OUT00000820,WO000103,P026,PR04,L03,2026-06-15,1866,1806,72,23,N
OUT00000821,WO000103,P026,PR05,L03,2026-06-15,1783,1723,77,32,N
OUT00000822,WO000103,P026,PR06,L03,2026-06-15,1702,1634,82,27,D
OUT00000823,WO000103,P026,PR07,L03,2026-06-16,1639,1574,81,30,N
OUT00000824,WO000103,P026,PR08,L03,2026-06-16,1580,1563,20,7,N
OUT00000825,WO000104,P008,PR01,L05,2026-06-15,601,592,10,3,N
OUT00000826,WO000104,P008,PR02,L05,2026-06-15,590,576,15,3,N
OUT00000827,WO000104,P008,PR03,L05,2026-06-15,573,570,3,1,N
OUT00000828,WO000104,P008,PR04,L05,2026-06-16,572,555,19,5,D
OUT00000829,WO000104,P008,PR05,L05,2026-06-16,551,534,18,3,N
OUT00000830,WO000104,P008,PR06,L05,2026-06-16,529,508,24,6,N
OUT00000831,WO000104,P008,PR07,L05,2026-06-17,507,490,20,6,D
OUT00000832,WO000104,P008,PR08,L05,2026-06-17,491,489,2,1,N
OUT00000833,WO000105,P022,PR01,L03,2026-06-15,593,584,10,3,D
OUT00000834,WO000105,P022,PR02,L03,2026-06-15,582,568,16,4,N
OUT00000835,WO000105,P022,PR03,L03,2026-06-15,562,558,5,2,N
OUT00000836,WO000105,P022,PR04,L03,2026-06-16,555,539,18,5,N
OUT00000837,WO000105,P022,PR05,L03,2026-06-16,533,512,23,5,D
OUT00000838,WO000105,P022,PR06,L03,2026-06-16,511,491,24,9,N
OUT00000839,WO000105,P022,PR07,L03,2026-06-17,486,463,25,5,D
OUT00000840,WO000105,P022,PR08,L03,2026-06-17,462,457,6,2,D
OUT00000841,WO000106,P005,PR01,L04,2026-06-15,1787,1752,43,15,N
OUT00000842,WO000106,P005,PR02,L04,2026-06-15,1742,1704,45,14,N
OUT00000843,WO000106,P005,PR03,L04,2026-06-15,1698,1674,31,14,N
OUT00000844,WO000106,P005,PR04,L04,2026-06-16,1660,1594,72,12,N
OUT00000845,WO000106,P005,PR05,L04,2026-06-16,1593,1530,77,26,N
OUT00000846,WO000106,P005,PR06,L04,2026-06-16,1517,1447,92,41,D
OUT00000847,WO000106,P005,PR07,L04,2026-06-17,1428,1374,69,28,N
OUT00000848,WO000106,P005,PR08,L04,2026-06-17,1362,1338,27,6,N
OUT00000849,WO000107,P001,PR01,L05,2026-06-15,1504,1484,23,7,D
OUT00000850,WO000107,P001,PR02,L05,2026-06-15,1484,1456,33,10,D
OUT00000851,WO000107,P001,PR03,L05,2026-06-15,1444,1439,6,2,N
OUT00000852,WO000107,P001,PR04,L05,2026-06-16,1432,1395,42,10,N
OUT00000853,WO000107,P001,PR05,L05,2026-06-16,1379,1333,59,24,N
OUT00000854,WO000107,P001,PR06,L05,2026-06-16,1333,1284,57,15,D
OUT00000855,WO000107,P001,PR07,L05,2026-06-17,1285,1234,58,13,N
OUT00000856,WO000107,P001,PR08,L05,2026-06-17,1227,1223,5,2,D
OUT00000857,WO000108,P027,PR01,L02,2026-06-15,789,778,13,4,N
OUT00000858,WO000108,P027,PR02,L02,2026-06-15,767,749,21,6,D
OUT00000859,WO000108,P027,PR03,L02,2026-06-15,751,748,3,1,N
OUT00000860,WO000108,P027,PR04,L02,2026-06-16,742,718,28,8,D
OUT00000861,WO000108,P027,PR05,L02,2026-06-16,721,691,32,5,N
OUT00000862,WO000108,P027,PR06,L02,2026-06-16,682,658,31,14,N
OUT00000863,WO000108,P027,PR07,L02,2026-06-17,649,625,26,5,N
OUT00000864,WO000108,P027,PR08,L02,2026-06-17,626,623,3,1,N
OUT00000865,WO000109,P013,PR01,L04,2026-06-15,1185,1165,25,10,N
OUT00000866,WO000109,P013,PR02,L04,2026-06-15,1157,1125,40,15,N
OUT00000867,WO000109,P013,PR03,L04,2026-06-15,1124,1108,19,7,N
OUT00000868,WO000109,P013,PR04,L04,2026-06-16,1100,1065,46,20,N
OUT00000869,WO000109,P013,PR05,L04,2026-06-16,1062,1019,54,21,D
OUT00000870,WO000109,P013,PR06,L04,2026-06-16,1006,960,54,16,N
OUT00000871,WO000109,P013,PR07,L04,2026-06-17,961,918,50,13,D
OUT00000872,WO000109,P013,PR08,L04,2026-06-17,921,908,16,6,D
OUT00000873,WO000110,P017,PR01,L01,2026-06-15,596,586,11,3,D
OUT00000874,WO000110,P017,PR02,L01,2026-06-15,586,578,10,4,D
OUT00000875,WO000110,P017,PR03,L01,2026-06-15,573,571,2,1,N
OUT00000876,WO000110,P017,PR04,L01,2026-06-16,573,557,18,4,D
OUT00000877,WO000110,P017,PR05,L01,2026-06-16,559,542,20,7,N
OUT00000878,WO000110,P017,PR06,L01,2026-06-16,540,519,27,11,N
OUT00000879,WO000110,P017,PR07,L01,2026-06-17,513,494,20,3,N
OUT00000880,WO000110,P017,PR08,L01,2026-06-17,488,486,2,0,D
OUT00000881,WO000111,P028,PR01,L01,2026-06-15,1976,1951,29,9,D
OUT00000882,WO000111,P028,PR02,L01,2026-06-15,1953,1927,29,7,D
OUT00000883,WO000111,P028,PR03,L01,2026-06-15,1923,1916,8,2,D
OUT00000884,WO000111,P028,PR04,L01,2026-06-16,1897,1857,52,22,D
OUT00000885,WO000111,P028,PR05,L01,2026-06-16,1842,1781,68,13,D
OUT00000886,WO000111,P028,PR06,L01,2026-06-16,1789,1711,86,16,N
OUT00000887,WO000111,P028,PR07,L01,2026-06-17,1699,1645,65,20,N
OUT00000888,WO000111,P028,PR08,L01,2026-06-17,1626,1620,7,2,N
OUT00000889,WO000112,P012,PR01,L05,2026-06-15,1981,1959,26,9,N
OUT00000890,WO000112,P012,PR02,L05,2026-06-15,1940,1902,46,16,N
OUT00000891,WO000112,P012,PR03,L05,2026-06-15,1879,1865,17,6,N
OUT00000892,WO000112,P012,PR04,L05,2026-06-16,1873,1833,52,22,N
OUT00000893,WO000112,P012,PR05,L05,2026-06-16,1815,1757,66,16,N
OUT00000894,WO000112,P012,PR06,L05,2026-06-16,1745,1673,80,16,D
OUT00000895,WO000112,P012,PR07,L05,2026-06-17,1658,1600,73,28,N
OUT00000896,WO000112,P012,PR08,L05,2026-06-17,1576,1564,13,3,N
OUT00000897,WO000113,P005,PR01,L02,2026-06-16,1972,1938,44,19,N
OUT00000898,WO000113,P005,PR02,L02,2026-06-16,1936,1897,51,22,N
OUT00000899,WO000113,P005,PR03,L02,2026-06-16,1900,1892,9,3,N
OUT00000900,WO000113,P005,PR04,L02,2026-06-17,1896,1848,60,23,D
OUT00000901,WO000113,P005,PR05,L02,2026-06-17,1825,1764,69,15,D
OUT00000902,WO000113,P005,PR06,L02,2026-06-17,1740,1669,84,25,N
OUT00000903,WO000113,P005,PR07,L02,2026-06-18,1667,1604,69,11,N
OUT00000904,WO000113,P005,PR08,L02,2026-06-18,1590,1576,16,4,N
OUT00000905,WO000114,P003,PR01,L05,2026-06-16,1184,1162,25,6,N
OUT00000906,WO000114,P003,PR02,L05,2026-06-16,1166,1142,27,6,D
OUT00000907,WO000114,P003,PR03,L05,2026-06-16,1131,1121,12,5,N
OUT00000908,WO000114,P003,PR04,L05,2026-06-17,1122,1088,37,7,N
OUT00000909,WO000114,P003,PR05,L05,2026-06-17,1087,1053,39,10,D
OUT00000910,WO000114,P003,PR06,L05,2026-06-17,1046,1006,44,9,N
OUT00000911,WO000114,P003,PR07,L05,2026-06-18,1009,972,41,8,N
OUT00000912,WO000114,P003,PR08,L05,2026-06-18,968,960,9,2,D
OUT00000913,WO000115,P018,PR01,L03,2026-06-16,1484,1455,38,17,N
OUT00000914,WO000115,P018,PR02,L03,2026-06-16,1437,1412,32,14,D
OUT00000915,WO000115,P018,PR03,L03,2026-06-16,1405,1386,21,4,D
OUT00000916,WO000115,P018,PR04,L03,2026-06-17,1366,1320,54,16,N
OUT00000917,WO000115,P018,PR05,L03,2026-06-17,1302,1256,51,10,N
OUT00000918,WO000115,P018,PR06,L03,2026-06-17,1257,1200,72,29,N
OUT00000919,WO000115,P018,PR07,L03,2026-06-18,1191,1145,55,18,N
OUT00000920,WO000115,P018,PR08,L03,2026-06-18,1131,1119,13,3,N
OUT00000921,WO000116,P023,PR01,L04,2026-06-16,790,771,22,6,D
OUT00000922,WO000116,P023,PR02,L04,2026-06-16,772,753,21,4,N
OUT00000923,WO000116,P023,PR03,L04,2026-06-16,743,731,13,2,N
OUT00000924,WO000116,P023,PR04,L04,2026-06-17,731,705,29,6,N
OUT00000925,WO000116,P023,PR05,L04,2026-06-17,704,674,36,11,N
OUT00000926,WO000116,P023,PR06,L04,2026-06-17,674,644,37,14,D
OUT00000927,WO000116,P023,PR07,L04,2026-06-18,640,615,29,9,D
OUT00000928,WO000116,P023,PR08,L04,2026-06-18,614,604,12,4,D
OUT00000929,WO000117,P014,PR01,L01,2026-06-16,995,984,12,3,N
OUT00000930,WO000117,P014,PR02,L01,2026-06-16,974,958,18,4,D
OUT00000931,WO000117,P014,PR03,L01,2026-06-16,949,945,5,2,D
OUT00000932,WO000117,P014,PR04,L01,2026-06-17,945,919,29,7,D
OUT00000933,WO000117,P014,PR05,L01,2026-06-17,914,891,29,11,N
OUT00000934,WO000117,P014,PR06,L01,2026-06-17,889,856,37,9,N
OUT00000935,WO000117,P014,PR07,L01,2026-06-18,855,826,34,10,N
OUT00000936,WO000117,P014,PR08,L01,2026-06-18,829,826,3,1,D
OUT00000937,WO000118,P007,PR01,L01,2026-06-16,1483,1462,27,12,N
OUT00000938,WO000118,P007,PR02,L01,2026-06-16,1453,1432,27,11,N
OUT00000939,WO000118,P007,PR03,L01,2026-06-16,1430,1424,7,2,N
OUT00000940,WO000118,P007,PR04,L01,2026-06-17,1422,1393,38,17,D
OUT00000941,WO000118,P007,PR05,L01,2026-06-17,1399,1362,48,21,D
OUT00000942,WO000118,P007,PR06,L01,2026-06-17,1355,1300,64,18,N
OUT00000943,WO000118,P007,PR07,L01,2026-06-18,1293,1245,56,16,D
OUT00000944,WO000118,P007,PR08,L01,2026-06-18,1251,1246,5,1,N
OUT00000945,WO000119,P018,PR01,L04,2026-06-16,1183,1153,34,8,D
OUT00000946,WO000119,P018,PR02,L04,2026-06-16,1138,1106,35,6,N
OUT00000947,WO000119,P018,PR03,L04,2026-06-16,1101,1086,19,9,D
OUT00000948,WO000119,P018,PR04,L04,2026-06-17,1090,1056,42,15,D
OUT00000949,WO000119,P018,PR05,L04,2026-06-17,1060,1022,47,18,D
OUT00000950,WO000119,P018,PR06,L04,2026-06-17,1022,974,62,26,D
OUT00000951,WO000119,P018,PR07,L04,2026-06-18,970,932,45,14,N
OUT00000952,WO000119,P018,PR08,L04,2026-06-18,925,916,10,3,N
OUT00000953,WO000120,P006,PR01,L01,2026-06-16,2000,1981,21,4,D
OUT00000954,WO000120,P006,PR02,L01,2026-06-16,1980,1948,40,15,D
OUT00000955,WO000120,P006,PR03,L01,2026-06-16,1931,1924,8,3,D
OUT00000956,WO000120,P006,PR04,L01,2026-06-17,1928,1879,60,21,D
OUT00000957,WO000120,P006,PR05,L01,2026-06-17,1870,1816,63,17,D
OUT00000958,WO000120,P006,PR06,L01,2026-06-17,1792,1732,74,27,N
OUT00000959,WO000120,P006,PR07,L01,2026-06-18,1727,1666,70,17,N
OUT00000960,WO000120,P006,PR08,L01,2026-06-18,1655,1645,11,2,N
OUT00000961,WO000121,P012,PR01,L04,2026-06-17,798,776,24,5,D
OUT00000962,WO000121,P012,PR02,L04,2026-06-17,773,752,25,9,D
OUT00000963,WO000121,P012,PR03,L04,2026-06-17,749,735,15,2,D
OUT00000964,WO000121,P012,PR04,L04,2026-06-18,728,704,30,12,D
OUT00000965,WO000121,P012,PR05,L04,2026-06-18,701,669,36,9,N
OUT00000966,WO000121,P012,PR06,L04,2026-06-18,672,639,37,9,D
OUT00000967,WO000121,P012,PR07,L04,2026-06-19,640,616,30,11,N
OUT00000968,WO000121,P012,PR08,L04,2026-06-19,611,606,6,2,D
OUT00000969,WO000122,P005,PR01,L01,2026-06-17,799,790,11,4,D
OUT00000970,WO000122,P005,PR02,L01,2026-06-17,780,767,16,7,D
OUT00000971,WO000122,P005,PR03,L01,2026-06-17,766,763,3,1,N
OUT00000972,WO000122,P005,PR04,L01,2026-06-18,758,735,25,5,D
OUT00000973,WO000122,P005,PR05,L01,2026-06-18,732,707,28,6,N
OUT00000974,WO000122,P005,PR06,L01,2026-06-18,699,673,32,11,N
OUT00000975,WO000122,P005,PR07,L01,2026-06-19,676,656,24,8,D
OUT00000976,WO000122,P005,PR08,L01,2026-06-19,653,647,6,1,N
OUT00000977,WO000123,P027,PR01,L03,2026-06-17,799,782,21,8,N
OUT00000978,WO000123,P027,PR02,L03,2026-06-17,778,764,18,8,N
OUT00000979,WO000123,P027,PR03,L03,2026-06-17,761,753,10,4,D
OUT00000980,WO000123,P027,PR04,L03,2026-06-18,747,725,24,4,D
OUT00000981,WO000123,P027,PR05,L03,2026-06-18,717,693,29,10,N
OUT00000982,WO000123,P027,PR06,L03,2026-06-18,682,655,35,15,D
OUT00000983,WO000123,P027,PR07,L03,2026-06-19,651,624,33,12,N
OUT00000984,WO000123,P027,PR08,L03,2026-06-19,624,619,6,2,D
OUT00000985,WO000124,P011,PR01,L05,2026-06-17,1999,1973,29,6,N
OUT00000986,WO000124,P011,PR02,L05,2026-06-17,1972,1932,48,16,D
OUT00000987,WO000124,P011,PR03,L05,2026-06-17,1922,1915,8,3,D
OUT00000988,WO000124,P011,PR04,L05,2026-06-18,1893,1847,58,23,N
OUT00000989,WO000124,P011,PR05,L05,2026-06-18,1845,1793,63,20,D
OUT00000990,WO000124,P011,PR06,L05,2026-06-18,1776,1712,79,29,D
OUT00000991,WO000124,P011,PR07,L05,2026-06-19,1690,1630,70,19,D
OUT00000992,WO000124,P011,PR08,L05,2026-06-19,1622,1609,16,7,D
OUT00000993,WO000125,P020,PR01,L04,2026-06-17,1806,1763,54,20,N
OUT00000994,WO000125,P020,PR02,L04,2026-06-17,1753,1703,58,15,D
OUT00000995,WO000125,P020,PR03,L04,2026-06-17,1689,1660,33,9,N
OUT00000996,WO000125,P020,PR04,L04,2026-06-18,1652,1597,70,28,N
OUT00000997,WO000125,P020,PR05,L04,2026-06-18,1582,1513,77,15,N
OUT00000998,WO000125,P020,PR06,L04,2026-06-18,1519,1457,81,35,D
OUT00000999,WO000125,P020,PR07,L04,2026-06-19,1459,1387,79,14,N
OUT00001000,WO000125,P020,PR08,L04,2026-06-19,1370,1350,24,8,D
OUT00001001,WO000126,P005,PR01,L03,2026-06-17,1004,988,18,4,N
OUT00001002,WO000126,P005,PR02,L03,2026-06-17,978,960,21,7,D
OUT00001003,WO000126,P005,PR03,L03,2026-06-17,955,948,9,4,N
OUT00001004,WO000126,P005,PR04,L03,2026-06-18,947,915,39,13,D
OUT00001005,WO000126,P005,PR05,L03,2026-06-18,907,868,42,7,N
OUT00001006,WO000126,P005,PR06,L03,2026-06-18,871,832,48,18,D
OUT00001007,WO000126,P005,PR07,L03,2026-06-19,830,798,40,15,D
OUT00001008,WO000126,P005,PR08,L03,2026-06-19,788,780,9,2,N
OUT00001009,WO000127,P004,PR01,L03,2026-06-17,998,974,27,7,D
OUT00001010,WO000127,P004,PR02,L03,2026-06-17,965,944,24,7,D
OUT00001011,WO000127,P004,PR03,L03,2026-06-17,941,935,6,1,D
OUT00001012,WO000127,P004,PR04,L03,2026-06-18,921,893,36,16,N
OUT00001013,WO000127,P004,PR05,L03,2026-06-18,879,843,41,10,N
OUT00001014,WO000127,P004,PR06,L03,2026-06-18,836,798,42,8,N
OUT00001015,WO000127,P004,PR07,L03,2026-06-19,790,759,37,12,N
OUT00001016,WO000127,P004,PR08,L03,2026-06-19,748,738,12,4,N
OUT00001017,WO000128,P012,PR01,L01,2026-06-17,2002,1982,23,7,N
OUT00001018,WO000128,P012,PR02,L01,2026-06-17,1957,1924,40,13,N
OUT00001019,WO000128,P012,PR03,L01,2026-06-17,1929,1921,9,2,D
OUT00001020,WO000128,P012,PR04,L01,2026-06-18,1916,1879,48,21,D
OUT00001021,WO000128,P012,PR05,L01,2026-06-18,1858,1801,65,15,D
OUT00001022,WO000128,P012,PR06,L01,2026-06-18,1801,1728,84,20,N
OUT00001023,WO000128,P012,PR07,L01,2026-06-19,1714,1650,70,11,N
OUT00001024,WO000128,P012,PR08,L01,2026-06-19,1651,1644,9,4,N
OUT00001025,WO000129,P012,PR01,L02,2026-06-17,1486,1469,21,8,N
OUT00001026,WO000129,P012,PR02,L02,2026-06-17,1469,1435,36,5,N
OUT00001027,WO000129,P012,PR03,L02,2026-06-17,1427,1422,6,3,D
OUT00001028,WO000129,P012,PR04,L02,2026-06-18,1402,1365,43,12,D
OUT00001029,WO000129,P012,PR05,L02,2026-06-18,1364,1322,48,12,N
OUT00001030,WO000129,P012,PR06,L02,2026-06-18,1309,1254,69,27,D
OUT00001031,WO000129,P012,PR07,L02,2026-06-19,1235,1195,51,21,D
OUT00001032,WO000129,P012,PR08,L02,2026-06-19,1184,1179,5,1,D
OUT00001033,WO000130,P006,PR01,L02,2026-06-17,1776,1754,29,13,D
OUT00001034,WO000130,P006,PR02,L02,2026-06-17,1747,1717,32,5,D
OUT00001035,WO000130,P006,PR03,L02,2026-06-17,1702,1693,10,2,D
OUT00001036,WO000130,P006,PR04,L02,2026-06-18,1671,1620,57,12,N
OUT00001037,WO000130,P006,PR05,L02,2026-06-18,1611,1555,62,12,N
OUT00001038,WO000130,P006,PR06,L02,2026-06-18,1558,1498,79,35,N
OUT00001039,WO000130,P006,PR07,L02,2026-06-19,1498,1441,62,10,D
OUT00001040,WO000130,P006,PR08,L02,2026-06-19,1440,1434,7,2,N
OUT00001041,WO000131,P003,PR01,L05,2026-06-18,1496,1480,19,6,D
OUT00001042,WO000131,P003,PR02,L05,2026-06-18,1483,1456,30,7,D
OUT00001043,WO000131,P003,PR03,L05,2026-06-18,1455,1449,7,3,N
OUT00001044,WO000131,P003,PR04,L05,2026-06-19,1434,1401,39,12,D
OUT00001045,WO000131,P003,PR05,L05,2026-06-19,1380,1336,55,20,D
OUT00001046,WO000131,P003,PR06,L05,2026-06-19,1329,1279,57,13,N
OUT00001047,WO000131,P003,PR07,L05,2026-06-20,1271,1234,49,22,D
OUT00001048,WO000131,P003,PR08,L05,2026-06-20,1229,1224,5,1,N
OUT00001049,WO000132,P005,PR01,L03,2026-06-18,1492,1460,38,11,N
OUT00001050,WO000132,P005,PR02,L03,2026-06-18,1447,1410,43,12,D
OUT00001051,WO000132,P005,PR03,L03,2026-06-18,1413,1398,19,8,N
OUT00001052,WO000132,P005,PR04,L03,2026-06-19,1380,1344,46,19,D
OUT00001053,WO000132,P005,PR05,L03,2026-06-19,1335,1287,55,13,D
OUT00001054,WO000132,P005,PR06,L03,2026-06-19,1268,1208,67,13,N
OUT00001055,WO000132,P005,PR07,L03,2026-06-20,1193,1142,55,9,N
OUT00001056,WO000132,P005,PR08,L03,2026-06-20,1139,1131,9,3,D
OUT00001057,WO000133,P018,PR01,L03,2026-06-18,792,774,21,7,N
OUT00001058,WO000133,P018,PR02,L03,2026-06-18,771,752,21,5,N
OUT00001059,WO000133,P018,PR03,L03,2026-06-18,750,741,11,4,N
OUT00001060,WO000133,P018,PR04,L03,2026-06-19,737,713,27,7,D
OUT00001061,WO000133,P018,PR05,L03,2026-06-19,708,685,28,10,N
OUT00001062,WO000133,P018,PR06,L03,2026-06-19,685,653,39,13,N
OUT00001063,WO000133,P018,PR07,L03,2026-06-20,646,621,29,9,D
OUT00001064,WO000133,P018,PR08,L03,2026-06-20,611,606,5,1,N
OUT00001065,WO000134,P008,PR01,L04,2026-06-18,789,773,20,9,N
OUT00001066,WO000134,P008,PR02,L04,2026-06-18,774,753,25,8,D
OUT00001067,WO000134,P008,PR03,L04,2026-06-18,747,736,13,5,D
OUT00001068,WO000134,P008,PR04,L04,2026-06-19,733,709,30,11,D
OUT00001069,WO000134,P008,PR05,L04,2026-06-19,704,680,30,11,N
OUT00001070,WO000134,P008,PR06,L04,2026-06-19,681,646,39,8,D
OUT00001071,WO000134,P008,PR07,L04,2026-06-20,637,609,33,10,D
OUT00001072,WO000134,P008,PR08,L04,2026-06-20,607,600,7,1,N
OUT00001073,WO000135,P013,PR01,L02,2026-06-18,790,779,13,4,D
OUT00001074,WO000135,P013,PR02,L02,2026-06-18,779,764,18,6,N
OUT00001075,WO000135,P013,PR03,L02,2026-06-18,766,763,3,1,D
OUT00001076,WO000135,P013,PR04,L02,2026-06-19,761,741,23,6,N
OUT00001077,WO000135,P013,PR05,L02,2026-06-19,732,708,27,7,N
OUT00001078,WO000135,P013,PR06,L02,2026-06-19,697,665,34,5,D
OUT00001079,WO000135,P013,PR07,L02,2026-06-20,659,632,31,8,D
OUT00001080,WO000135,P013,PR08,L02,2026-06-20,629,624,6,2,D
OUT00001081,WO000136,P017,PR01,L04,2026-06-18,987,968,22,6,N
OUT00001082,WO000136,P017,PR02,L04,2026-06-18,969,946,26,6,N
OUT00001083,WO000136,P017,PR03,L04,2026-06-18,936,922,17,7,N
OUT00001084,WO000136,P017,PR04,L04,2026-06-19,913,877,40,8,N
OUT00001085,WO000136,P017,PR05,L04,2026-06-19,871,838,40,13,D
OUT00001086,WO000136,P017,PR06,L04,2026-06-19,834,795,47,15,N
OUT00001087,WO000136,P017,PR07,L04,2026-06-20,786,757,37,16,N
OUT00001088,WO000136,P017,PR08,L04,2026-06-20,747,736,12,2,N
OUT00001089,WO000137,P007,PR01,L04,2026-06-19,1778,1745,37,9,N
OUT00001090,WO000137,P007,PR02,L04,2026-06-19,1753,1710,49,12,D
OUT00001091,WO000137,P007,PR03,L04,2026-06-19,1697,1677,24,8,N
OUT00001092,WO000137,P007,PR04,L04,2026-06-20,1660,1602,70,22,N
OUT00001093,WO000137,P007,PR05,L04,2026-06-20,1579,1517,74,22,D
OUT00001094,WO000137,P007,PR06,L04,2026-06-20,1513,1446,87,37,D
OUT00001095,WO000137,P007,PR07,L04,2026-06-21,1446,1383,69,11,D
OUT00001096,WO000137,P007,PR08,L04,2026-06-21,1383,1367,20,8,N
OUT00001097,WO000138,P018,PR01,L05,2026-06-19,1500,1476,29,10,N
OUT00001098,WO000138,P018,PR02,L05,2026-06-19,1478,1445,36,6,N
OUT00001099,WO000138,P018,PR03,L05,2026-06-19,1449,1441,9,2,D
OUT00001100,WO000138,P018,PR04,L05,2026-06-20,1424,1392,42,19,N
OUT00001101,WO000138,P018,PR05,L05,2026-06-20,1379,1339,47,13,D
OUT00001102,WO000138,P018,PR06,L05,2026-06-20,1333,1272,66,10,N
OUT00001103,WO000138,P018,PR07,L05,2026-06-21,1272,1224,59,21,N
OUT00001104,WO000138,P018,PR08,L05,2026-06-21,1227,1222,5,1,D
OUT00001105,WO000139,P003,PR01,L02,2026-06-19,1506,1481,28,6,N
OUT00001106,WO000139,P003,PR02,L02,2026-06-19,1478,1452,34,15,D
OUT00001107,WO000139,P003,PR03,L02,2026-06-19,1430,1425,6,2,D
OUT00001108,WO000139,P003,PR04,L02,2026-06-20,1420,1380,51,20,D
OUT00001109,WO000139,P003,PR05,L02,2026-06-20,1360,1307,59,11,N
OUT00001110,WO000139,P003,PR06,L02,2026-06-20,1287,1233,66,22,D
OUT00001111,WO000139,P003,PR07,L02,2026-06-21,1223,1178,56,20,N
OUT00001112,WO000139,P003,PR08,L02,2026-06-21,1164,1159,5,1,N
OUT00001113,WO000140,P023,PR01,L01,2026-06-19,1504,1480,26,5,N
OUT00001114,WO000140,P023,PR02,L01,2026-06-19,1468,1444,31,13,N
OUT00001115,WO000140,P023,PR03,L01,2026-06-19,1446,1438,9,2,N
OUT00001116,WO000140,P023,PR04,L01,2026-06-20,1442,1414,36,15,N
OUT00001117,WO000140,P023,PR05,L01,2026-06-20,1415,1371,54,19,D
OUT00001118,WO000140,P023,PR06,L01,2026-06-20,1358,1307,64,25,D
OUT00001119,WO000140,P023,PR07,L01,2026-06-21,1298,1256,46,8,N
OUT00001120,WO000140,P023,PR08,L01,2026-06-21,1242,1237,5,1,N
OUT00001121,WO000141,P009,PR01,L01,2026-06-19,1986,1962,29,10,D
OUT00001122,WO000141,P009,PR02,L01,2026-06-19,1935,1909,33,14,N
OUT00001123,WO000141,P009,PR03,L01,2026-06-19,1890,1880,13,6,N
OUT00001124,WO000141,P009,PR04,L01,2026-06-20,1853,1817,47,20,N
OUT00001125,WO000141,P009,PR05,L01,2026-06-20,1804,1757,57,19,N
OUT00001126,WO000141,P009,PR06,L01,2026-06-20,1764,1691,87,27,N
OUT00001127,WO000141,P009,PR07,L01,2026-06-21,1674,1612,72,19,D
OUT00001128,WO000141,P009,PR08,L01,2026-06-21,1592,1580,13,2,D
OUT00001129,WO000142,P023,PR01,L01,2026-06-19,1486,1464,28,12,N
OUT00001130,WO000142,P023,PR02,L01,2026-06-19,1454,1431,25,5,N
OUT00001131,WO000142,P023,PR03,L01,2026-06-19,1418,1412,6,1,N
OUT00001132,WO000142,P023,PR04,L01,2026-06-20,1392,1356,41,10,N
OUT00001133,WO000142,P023,PR05,L01,2026-06-20,1357,1316,49,15,N
OUT00001134,WO000142,P023,PR06,L01,2026-06-20,1314,1261,60,13,D
OUT00001135,WO000142,P023,PR07,L01,2026-06-21,1250,1208,55,24,D
OUT00001136,WO000142,P023,PR08,L01,2026-06-21,1209,1205,5,2,N
OUT00001137,WO000143,P019,PR01,L03,2026-06-19,1785,1744,47,12,N
OUT00001138,WO000143,P019,PR02,L03,2026-06-19,1729,1695,37,6,D
OUT00001139,WO000143,P019,PR03,L03,2026-06-19,1680,1658,24,4,N
OUT00001140,WO000143,P019,PR04,L03,2026-06-20,1634,1582,62,19,N
OUT00001141,WO000143,P019,PR05,L03,2026-06-20,1584,1522,68,12,N
OUT00001142,WO000143,P019,PR06,L03,2026-06-20,1517,1445,79,14,N
OUT00001143,WO000143,P019,PR07,L03,2026-06-21,1449,1392,68,21,D
OUT00001144,WO000143,P019,PR08,L03,2026-06-21,1383,1375,10,4,D
OUT00001145,WO000144,P009,PR01,L01,2026-06-20,1200,1187,15,5,N
OUT00001146,WO000144,P009,PR02,L01,2026-06-20,1185,1165,23,6,D
OUT00001147,WO000144,P009,PR03,L01,2026-06-20,1163,1158,5,1,N
OUT00001148,WO000144,P009,PR04,L01,2026-06-21,1142,1108,37,6,N
OUT00001149,WO000144,P009,PR05,L01,2026-06-21,1102,1068,43,17,D
OUT00001150,WO000144,P009,PR06,L01,2026-06-21,1055,1016,43,8,D
OUT00001151,WO000144,P009,PR07,L01,2026-06-22,1011,974,44,14,N
OUT00001152,WO000144,P009,PR08,L01,2026-06-22,967,960,8,2,D
OUT00001153,WO000145,P014,PR01,L02,2026-06-20,1491,1470,24,7,N
OUT00001154,WO000145,P014,PR02,L02,2026-06-20,1476,1454,27,10,N
OUT00001155,WO000145,P014,PR03,L02,2026-06-20,1446,1434,13,3,D
OUT00001156,WO000145,P014,PR04,L02,2026-06-21,1437,1391,50,8,N
OUT00001157,WO000145,P014,PR05,L02,2026-06-21,1374,1328,53,14,D
OUT00001158,WO000145,P014,PR06,L02,2026-06-21,1311,1259,62,19,D
OUT00001159,WO000145,P014,PR07,L02,2026-06-22,1252,1208,54,19,N
OUT00001160,WO000145,P014,PR08,L02,2026-06-22,1201,1196,6,2,N
OUT00001161,WO000146,P004,PR01,L01,2026-06-20,999,988,12,3,D
OUT00001162,WO000146,P004,PR02,L01,2026-06-20,986,970,19,7,N
OUT00001163,WO000146,P004,PR03,L01,2026-06-20,974,969,6,3,N
OUT00001164,WO000146,P004,PR04,L01,2026-06-21,972,950,26,8,D
OUT00001165,WO000146,P004,PR05,L01,2026-06-21,952,926,33,14,D
OUT00001166,WO000146,P004,PR06,L01,2026-06-21,913,875,42,9,N
OUT00001167,WO000146,P004,PR07,L01,2026-06-22,872,838,37,7,D
OUT00001168,WO000146,P004,PR08,L01,2026-06-22,827,824,3,0,D
OUT00001169,WO000147,P005,PR01,L05,2026-06-20,1184,1167,20,6,N
OUT00001170,WO000147,P005,PR02,L05,2026-06-20,1161,1144,19,4,N
OUT00001171,WO000147,P005,PR03,L05,2026-06-20,1140,1134,7,2,D
OUT00001172,WO000147,P005,PR04,L05,2026-06-21,1126,1099,33,11,D
OUT00001173,WO000147,P005,PR05,L05,2026-06-21,1092,1055,41,8,N
OUT00001174,WO000147,P005,PR06,L05,2026-06-21,1048,1003,53,16,D
OUT00001175,WO000147,P005,PR07,L05,2026-06-22,990,959,38,14,D
OUT00001176,WO000147,P005,PR08,L05,2026-06-22,963,960,4,2,N
OUT00001177,WO000148,P023,PR01,L03,2026-06-20,1790,1761,35,12,D
OUT00001178,WO000148,P023,PR02,L03,2026-06-20,1736,1689,51,8,N
OUT00001179,WO000148,P023,PR03,L03,2026-06-20,1681,1669,15,6,N
OUT00001180,WO000148,P023,PR04,L03,2026-06-21,1663,1603,67,14,D
OUT00001181,WO000148,P023,PR05,L03,2026-06-21,1610,1558,66,27,N
OUT00001182,WO000148,P023,PR06,L03,2026-06-21,1541,1469,81,17,D
OUT00001183,WO000148,P023,PR07,L03,2026-06-22,1450,1392,64,12,D
OUT00001184,WO000148,P023,PR08,L03,2026-06-22,1382,1371,12,3,N
OUT00001185,WO000149,P019,PR01,L05,2026-06-20,990,974,19,7,D
OUT00001186,WO000149,P019,PR02,L05,2026-06-20,976,956,25,10,N
OUT00001187,WO000149,P019,PR03,L05,2026-06-20,947,943,4,1,N
OUT00001188,WO000149,P019,PR04,L05,2026-06-21,945,914,33,5,N
OUT00001189,WO000149,P019,PR05,L05,2026-06-21,917,890,33,12,D
OUT00001190,WO000149,P019,PR06,L05,2026-06-21,892,856,44,15,D
OUT00001191,WO000149,P019,PR07,L05,2026-06-22,858,828,36,11,D
OUT00001192,WO000149,P019,PR08,L05,2026-06-22,823,820,3,1,D
OUT00001193,WO000150,P013,PR01,L04,2026-06-21,1998,1951,55,15,N
OUT00001194,WO000150,P013,PR02,L04,2026-06-21,1936,1882,60,11,D
OUT00001195,WO000150,P013,PR03,L04,2026-06-21,1883,1855,33,10,N
OUT00001196,WO000150,P013,PR04,L04,2026-06-22,1852,1792,73,25,D
OUT00001197,WO000150,P013,PR05,L04,2026-06-22,1768,1690,88,19,D
OUT00001198,WO000150,P013,PR06,L04,2026-06-22,1666,1580,97,21,N
OUT00001199,WO000150,P013,PR07,L04,2026-06-23,1582,1512,77,14,N
OUT00001200,WO000150,P013,PR08,L04,2026-06-23,1511,1486,28,6,N
OUT00001201,WO000151,P006,PR01,L03,2026-06-21,1972,1940,37,10,N
OUT00001202,WO000151,P006,PR02,L03,2026-06-21,1949,1903,57,20,D
OUT00001203,WO000151,P006,PR03,L03,2026-06-21,1903,1887,18,4,D
OUT00001204,WO000151,P006,PR04,L03,2026-06-22,1896,1850,60,26,D
OUT00001205,WO000151,P006,PR05,L03,2026-06-22,1831,1770,72,21,N
OUT00001206,WO000151,P006,PR06,L03,2026-06-22,1750,1679,84,24,N
OUT00001207,WO000151,P006,PR07,L03,2026-06-23,1674,1603,80,17,N
OUT00001208,WO000151,P006,PR08,L03,2026-06-23,1603,1584,22,7,N
OUT00001209,WO000152,P021,PR01,L01,2026-06-21,598,589,10,2,D
OUT00001210,WO000152,P021,PR02,L01,2026-06-21,585,576,10,3,D
OUT00001211,WO000152,P021,PR03,L01,2026-06-21,571,569,2,0,D
OUT00001212,WO000152,P021,PR04,L01,2026-06-22,567,552,17,5,N
OUT00001213,WO000152,P021,PR05,L01,2026-06-22,545,526,21,5,N
OUT00001214,WO000152,P021,PR06,L01,2026-06-22,526,505,25,9,D
OUT00001215,WO000152,P021,PR07,L01,2026-06-23,504,487,20,6,D
OUT00001216,WO000152,P021,PR08,L01,2026-06-23,488,485,3,1,N
OUT00001217,WO000153,P003,PR01,L05,2026-06-21,793,784,10,3,N
OUT00001218,WO000153,P003,PR02,L05,2026-06-21,782,766,19,7,N
OUT00001219,WO000153,P003,PR03,L05,2026-06-21,756,752,4,1,D
OUT00001220,WO000153,P003,PR04,L05,2026-06-22,742,723,20,3,D
OUT00001221,WO000153,P003,PR05,L05,2026-06-22,720,695,27,4,D
OUT00001222,WO000153,P003,PR06,L05,2026-06-22,689,661,33,10,N
OUT00001223,WO000153,P003,PR07,L05,2026-06-23,659,637,28,12,D
OUT00001224,WO000153,P003,PR08,L05,2026-06-23,635,630,6,2,N
OUT00001225,WO000154,P016,PR01,L05,2026-06-21,1195,1180,18,7,N
OUT00001226,WO000154,P016,PR02,L05,2026-06-21,1170,1148,27,10,D
OUT00001227,WO000154,P016,PR03,L05,2026-06-21,1136,1132,5,2,D
OUT00001228,WO000154,P016,PR04,L05,2026-06-22,1133,1107,33,14,D
OUT00001229,WO000154,P016,PR05,L05,2026-06-22,1110,1074,43,14,D
OUT00001230,WO000154,P016,PR06,L05,2026-06-22,1059,1011,54,11,N
OUT00001231,WO000154,P016,PR07,L05,2026-06-23,1013,970,46,7,N
OUT00001232,WO000154,P016,PR08,L05,2026-06-23,958,955,4,2,N
OUT00001233,WO000155,P012,PR01,L02,2026-06-21,1002,986,17,3,N
OUT00001234,WO000155,P012,PR02,L02,2026-06-21,971,953,22,8,N
OUT00001235,WO000155,P012,PR03,L02,2026-06-21,954,949,6,2,D
OUT00001236,WO000155,P012,PR04,L02,2026-06-22,935,910,29,9,N
OUT00001237,WO000155,P012,PR05,L02,2026-06-22,897,863,40,12,D
OUT00001238,WO000155,P012,PR06,L02,2026-06-22,857,820,40,7,D
OUT00001239,WO000155,P012,PR07,L02,2026-06-23,823,788,39,8,D
OUT00001240,WO000155,P012,PR08,L02,2026-06-23,781,774,7,1,D
OUT00001241,WO000156,P025,PR01,L01,2026-06-22,790,779,12,3,D
OUT00001242,WO000156,P025,PR02,L01,2026-06-22,771,757,15,3,N
OUT00001243,WO000156,P025,PR03,L01,2026-06-22,750,744,7,2,D
OUT00001244,WO000156,P025,PR04,L01,2026-06-23,746,731,18,7,D
OUT00001245,WO000156,P025,PR05,L01,2026-06-23,729,708,24,7,D
OUT00001246,WO000156,P025,PR06,L01,2026-06-23,700,673,34,13,N
OUT00001247,WO000156,P025,PR07,L01,2026-06-24,670,651,24,10,D
OUT00001248,WO000156,P025,PR08,L01,2026-06-24,650,647,3,1,N
OUT00001249,WO000157,P008,PR01,L02,2026-06-22,1198,1182,20,8,D
OUT00001250,WO000157,P008,PR02,L02,2026-06-22,1184,1160,28,8,N
OUT00001251,WO000157,P008,PR03,L02,2026-06-22,1160,1152,9,3,N
OUT00001252,WO000157,P008,PR04,L02,2026-06-23,1153,1124,38,17,D
OUT00001253,WO000157,P008,PR05,L02,2026-06-23,1126,1084,46,9,D
OUT00001254,WO000157,P008,PR06,L02,2026-06-23,1074,1036,49,21,D
OUT00001255,WO000157,P008,PR07,L02,2026-06-24,1029,994,45,19,D
OUT00001256,WO000157,P008,PR08,L02,2026-06-24,988,980,9,2,N
OUT00001257,WO000158,P007,PR01,L03,2026-06-22,1784,1749,38,6,D
OUT00001258,WO000158,P007,PR02,L03,2026-06-22,1724,1683,53,22,N
OUT00001259,WO000158,P007,PR03,L03,2026-06-22,1675,1663,15,6,D
OUT00001260,WO000158,P007,PR04,L03,2026-06-23,1644,1602,53,20,N
OUT00001261,WO000158,P007,PR05,L03,2026-06-23,1607,1551,74,33,D
OUT00001262,WO000158,P007,PR06,L03,2026-06-23,1532,1462,82,23,D
OUT00001263,WO000158,P007,PR07,L03,2026-06-24,1466,1404,74,23,D
OUT00001264,WO000158,P007,PR08,L03,2026-06-24,1398,1390,9,2,N
OUT00001265,WO000159,P024,PR01,L03,2026-06-22,2007,1970,45,16,N
OUT00001266,WO000159,P024,PR02,L03,2026-06-22,1955,1909,54,16,D
OUT00001267,WO000159,P024,PR03,L03,2026-06-22,1887,1864,26,6,D
OUT00001268,WO000159,P024,PR04,L03,2026-06-23,1841,1785,61,10,N
OUT00001269,WO000159,P024,PR05,L03,2026-06-23,1779,1719,73,25,N
OUT00001270,WO000159,P024,PR06,L03,2026-06-23,1710,1648,81,35,D
OUT00001271,WO000159,P024,PR07,L03,2026-06-24,1653,1593,71,20,N
OUT00001272,WO000159,P024,PR08,L03,2026-06-24,1592,1581,12,3,N
OUT00001273,WO000160,P022,PR01,L05,2026-06-22,1501,1477,27,7,D
OUT00001274,WO000160,P022,PR02,L05,2026-06-22,1479,1457,26,8,D
OUT00001275,WO000160,P022,PR03,L05,2026-06-22,1461,1450,13,4,D
OUT00001276,WO000160,P022,PR04,L05,2026-06-23,1449,1411,41,6,D
OUT00001277,WO000160,P022,PR05,L05,2026-06-23,1417,1372,57,23,D
OUT00001278,WO000160,P022,PR06,L05,2026-06-23,1352,1298,60,11,N
OUT00001279,WO000160,P022,PR07,L05,2026-06-24,1281,1237,50,11,D
OUT00001280,WO000160,P022,PR08,L05,2026-06-24,1237,1229,8,1,N
OUT00001281,WO000161,P007,PR01,L04,2026-06-22,791,772,24,10,D
OUT00001282,WO000161,P007,PR02,L04,2026-06-22,774,757,21,9,N
OUT00001283,WO000161,P007,PR03,L04,2026-06-22,748,736,14,5,D
OUT00001284,WO000161,P007,PR04,L04,2026-06-23,739,712,33,12,D
OUT00001285,WO000161,P007,PR05,L04,2026-06-23,706,676,36,12,D
OUT00001286,WO000161,P007,PR06,L04,2026-06-23,671,639,38,12,N
OUT00001287,WO000161,P007,PR07,L04,2026-06-24,639,607,35,6,D
OUT00001288,WO000161,P007,PR08,L04,2026-06-24,601,591,11,2,N
OUT00001289,WO000162,P016,PR01,L01,2026-06-22,594,585,10,3,D
OUT00001290,WO000162,P016,PR02,L01,2026-06-22,576,567,10,2,D
OUT00001291,WO000162,P016,PR03,L01,2026-06-22,563,560,4,2,N
OUT00001292,WO000162,P016,PR04,L01,2026-06-23,556,542,15,3,D
OUT00001293,WO000162,P016,PR05,L01,2026-06-23,541,528,17,8,N
OUT00001294,WO000162,P016,PR06,L01,2026-06-23,526,503,25,5,D
OUT00001295,WO000162,P016,PR07,L01,2026-06-24,498,481,20,6,N
OUT00001296,WO000162,P016,PR08,L01,2026-06-24,475,473,2,1,N
OUT00001297,WO000163,P010,PR01,L05,2026-06-23,1784,1759,29,9,N
OUT00001298,WO000163,P010,PR02,L05,2026-06-23,1765,1744,28,13,N
OUT00001299,WO000163,P010,PR03,L05,2026-06-23,1742,1736,7,3,D
OUT00001300,WO000163,P010,PR04,L05,2026-06-24,1722,1673,58,17,D
OUT00001301,WO000163,P010,PR05,L05,2026-06-24,1660,1610,62,22,N
OUT00001302,WO000163,P010,PR06,L05,2026-06-24,1586,1524,75,25,D
OUT00001303,WO000163,P010,PR07,L05,2026-06-25,1519,1468,57,12,N
OUT00001304,WO000163,P010,PR08,L05,2026-06-25,1459,1447,13,3,N
OUT00001305,WO000164,P022,PR01,L03,2026-06-23,1479,1451,31,6,N
OUT00001306,WO000164,P022,PR02,L03,2026-06-23,1456,1423,37,8,D
OUT00001307,WO000164,P022,PR03,L03,2026-06-23,1418,1405,16,7,N
OUT00001308,WO000164,P022,PR04,L03,2026-06-24,1385,1343,51,17,D
OUT00001309,WO000164,P022,PR05,L03,2026-06-24,1342,1290,57,10,D
OUT00001310,WO000164,P022,PR06,L03,2026-06-24,1271,1216,61,12,N
OUT00001311,WO000164,P022,PR07,L03,2026-06-25,1217,1169,55,14,D
OUT00001312,WO000164,P022,PR08,L03,2026-06-25,1154,1142,15,7,N
OUT00001313,WO000165,P007,PR01,L01,2026-06-23,1189,1176,16,7,N
OUT00001314,WO000165,P007,PR02,L01,2026-06-23,1167,1152,17,5,N
OUT00001315,WO000165,P007,PR03,L01,2026-06-23,1150,1141,10,3,D
OUT00001316,WO000165,P007,PR04,L01,2026-06-24,1144,1113,38,13,D
OUT00001317,WO000165,P007,PR05,L01,2026-06-24,1100,1071,36,13,D
OUT00001318,WO000165,P007,PR06,L01,2026-06-24,1068,1023,49,9,D
OUT00001319,WO000165,P007,PR07,L01,2026-06-25,1013,974,45,11,D
OUT00001320,WO000165,P007,PR08,L01,2026-06-25,965,962,4,2,N
OUT00001321,WO000166,P013,PR01,L01,2026-06-23,1777,1755,28,11,N
OUT00001322,WO000166,P013,PR02,L01,2026-06-23,1728,1703,32,14,D
OUT00001323,WO000166,P013,PR03,L01,2026-06-23,1685,1676,10,2,D
OUT00001324,WO000166,P013,PR04,L01,2026-06-24,1656,1616,51,21,D
OUT00001325,WO000166,P013,PR05,L01,2026-06-24,1593,1553,51,21,N
OUT00001326,WO000166,P013,PR06,L01,2026-06-24,1535,1477,72,26,D
OUT00001327,WO000166,P013,PR07,L01,2026-06-25,1478,1424,61,14,D
OUT00001328,WO000166,P013,PR08,L01,2026-06-25,1414,1409,6,2,D
OUT00001329,WO000167,P028,PR01,L05,2026-06-23,1794,1762,39,14,D
OUT00001330,WO000167,P028,PR02,L05,2026-06-23,1758,1732,29,6,N
OUT00001331,WO000167,P028,PR03,L05,2026-06-23,1726,1710,17,3,D
OUT00001332,WO000167,P028,PR04,L05,2026-06-24,1707,1661,52,11,N
OUT00001333,WO000167,P028,PR05,L05,2026-06-24,1651,1601,56,11,N
OUT00001334,WO000167,P028,PR06,L05,2026-06-24,1589,1530,74,29,N
OUT00001335,WO000167,P028,PR07,L05,2026-06-25,1529,1470,68,17,N
OUT00001336,WO000167,P028,PR08,L05,2026-06-25,1458,1453,6,2,N
OUT00001337,WO000168,P024,PR01,L03,2026-06-23,1797,1754,47,9,N
OUT00001338,WO000168,P024,PR02,L03,2026-06-23,1742,1705,48,21,N
OUT00001339,WO000168,P024,PR03,L03,2026-06-23,1709,1697,13,3,D
OUT00001340,WO000168,P024,PR04,L03,2026-06-24,1680,1626,65,20,D
OUT00001341,WO000168,P024,PR05,L03,2026-06-24,1630,1580,64,26,N
OUT00001342,WO000168,P024,PR06,L03,2026-06-24,1570,1499,84,24,D
OUT00001343,WO000168,P024,PR07,L03,2026-06-25,1487,1421,73,14,D
OUT00001344,WO000168,P024,PR08,L03,2026-06-25,1406,1394,13,3,N
OUT00001345,WO000169,P019,PR01,L02,2026-06-24,1978,1941,43,11,D
OUT00001346,WO000169,P019,PR02,L02,2026-06-24,1920,1872,53,10,D
OUT00001347,WO000169,P019,PR03,L02,2026-06-24,1881,1872,10,2,N
OUT00001348,WO000169,P019,PR04,L02,2026-06-25,1857,1810,57,19,N
OUT00001349,WO000169,P019,PR05,L02,2026-06-25,1791,1729,72,19,N
OUT00001350,WO000169,P019,PR06,L02,2026-06-25,1722,1645,89,23,D
OUT00001351,WO000169,P019,PR07,L02,2026-06-26,1639,1579,66,11,N
OUT00001352,WO000169,P019,PR08,L02,2026-06-26,1584,1570,16,4,N
OUT00001353,WO000170,P003,PR01,L01,2026-06-24,596,588,10,4,N
OUT00001354,WO000170,P003,PR02,L01,2026-06-24,586,577,10,2,N
OUT00001355,WO000170,P003,PR03,L01,2026-06-24,576,572,4,1,D
OUT00001356,WO000170,P003,PR04,L01,2026-06-25,564,551,14,3,D
OUT00001357,WO000170,P003,PR05,L01,2026-06-25,544,528,19,6,N
OUT00001358,WO000170,P003,PR06,L01,2026-06-25,521,501,25,10,N
OUT00001359,WO000170,P003,PR07,L01,2026-06-26,494,477,19,5,N
OUT00001360,WO000170,P003,PR08,L01,2026-06-26,473,471,2,0,D
OUT00001361,WO000171,P010,PR01,L03,2026-06-24,1506,1477,35,11,D
OUT00001362,WO000171,P010,PR02,L03,2026-06-24,1457,1425,35,6,N
OUT00001363,WO000171,P010,PR03,L03,2026-06-24,1417,1400,21,9,D
OUT00001364,WO000171,P010,PR04,L03,2026-06-25,1383,1344,43,9,N
OUT00001365,WO000171,P010,PR05,L03,2026-06-25,1342,1300,51,18,D
OUT00001366,WO000171,P010,PR06,L03,2026-06-25,1289,1224,71,12,D
OUT00001367,WO000171,P010,PR07,L03,2026-06-26,1215,1162,58,10,N
OUT00001368,WO000171,P010,PR08,L03,2026-06-26,1147,1136,13,5,D
OUT00001369,WO000172,P024,PR01,L03,2026-06-24,994,973,25,8,N
OUT00001370,WO000172,P024,PR02,L03,2026-06-24,971,945,28,5,D
OUT00001371,WO000172,P024,PR03,L03,2026-06-24,939,934,6,2,D
OUT00001372,WO000172,P024,PR04,L03,2026-06-25,936,911,31,12,D
OUT00001373,WO000172,P024,PR05,L03,2026-06-25,911,878,38,10,D
OUT00001374,WO000172,P024,PR06,L03,2026-06-25,866,830,45,17,N
OUT00001375,WO000172,P024,PR07,L03,2026-06-26,830,798,39,13,N
OUT00001376,WO000172,P024,PR08,L03,2026-06-26,798,791,8,3,D
OUT00001377,WO000173,P017,PR01,L05,2026-06-24,796,787,10,2,N
OUT00001378,WO000173,P017,PR02,L05,2026-06-24,775,760,17,5,N
OUT00001379,WO000173,P017,PR03,L05,2026-06-24,759,753,7,3,N
OUT00001380,WO000173,P017,PR04,L05,2026-06-25,749,732,21,9,N
OUT00001381,WO000173,P017,PR05,L05,2026-06-25,732,710,27,10,D
OUT00001382,WO000173,P017,PR06,L05,2026-06-25,712,687,30,10,D
OUT00001383,WO000173,P017,PR07,L05,2026-06-26,683,658,32,13,N
OUT00001384,WO000173,P017,PR08,L05,2026-06-26,657,652,5,1,D
OUT00001385,WO000174,P022,PR01,L05,2026-06-24,1807,1778,36,14,D
OUT00001386,WO000174,P022,PR02,L05,2026-06-24,1776,1741,42,13,N
OUT00001387,WO000174,P022,PR03,L05,2026-06-24,1721,1715,7,2,D
OUT00001388,WO000174,P022,PR04,L05,2026-06-25,1713,1669,53,17,N
OUT00001389,WO000174,P022,PR05,L05,2026-06-25,1656,1601,61,11,N
OUT00001390,WO000174,P022,PR06,L05,2026-06-25,1584,1511,79,12,D
OUT00001391,WO000174,P022,PR07,L05,2026-06-26,1518,1457,71,19,N
OUT00001392,WO000174,P022,PR08,L05,2026-06-26,1460,1450,12,5,N
OUT00001393,WO000175,P023,PR01,L05,2026-06-24,991,975,19,6,N
OUT00001394,WO000175,P023,PR02,L05,2026-06-24,979,961,22,8,D
OUT00001395,WO000175,P023,PR03,L05,2026-06-24,948,944,4,1,D
OUT00001396,WO000175,P023,PR04,L05,2026-06-25,932,904,32,8,N
OUT00001397,WO000175,P023,PR05,L05,2026-06-25,906,877,33,8,N
OUT00001398,WO000175,P023,PR06,L05,2026-06-25,864,830,38,8,N
OUT00001399,WO000175,P023,PR07,L05,2026-06-26,824,795,35,12,D
OUT00001400,WO000175,P023,PR08,L05,2026-06-26,793,787,6,1,N
OUT00001401,WO000176,P023,PR01,L02,2026-06-24,595,584,13,5,D
OUT00001402,WO000176,P023,PR02,L02,2026-06-24,579,568,14,6,D
OUT00001403,WO000176,P023,PR03,L02,2026-06-24,563,557,7,2,N
OUT00001404,WO000176,P023,PR04,L02,2026-06-25,553,537,20,9,D
OUT00001405,WO000176,P023,PR05,L02,2026-06-25,535,517,20,4,D
OUT00001406,WO000176,P023,PR06,L02,2026-06-25,519,501,24,11,N
OUT00001407,WO000176,P023,PR07,L02,2026-06-26,494,474,22,4,N
OUT00001408,WO000176,P023,PR08,L02,2026-06-26,470,468,2,0,D
OUT00001409,WO000177,P016,PR01,L03,2026-06-24,1787,1755,35,7,N
OUT00001410,WO000177,P016,PR02,L03,2026-06-24,1755,1722,42,18,D
OUT00001411,WO000177,P016,PR03,L03,2026-06-24,1696,1685,13,5,D
OUT00001412,WO000177,P016,PR04,L03,2026-06-25,1687,1638,60,20,D
OUT00001413,WO000177,P016,PR05,L03,2026-06-25,1639,1578,66,10,N
OUT00001414,WO000177,P016,PR06,L03,2026-06-25,1572,1506,83,31,N
OUT00001415,WO000177,P016,PR07,L03,2026-06-26,1493,1436,64,13,N
OUT00001416,WO000177,P016,PR08,L03,2026-06-26,1426,1418,9,3,D
OUT00001417,WO000178,P011,PR01,L03,2026-06-25,1191,1171,22,4,N
OUT00001418,WO000178,P011,PR02,L03,2026-06-25,1169,1145,30,11,D
OUT00001419,WO000178,P011,PR03,L03,2026-06-25,1142,1129,15,5,D
OUT00001420,WO000178,P011,PR04,L03,2026-06-26,1130,1096,42,15,D
OUT00001421,WO000178,P011,PR05,L03,2026-06-26,1081,1036,49,8,D
OUT00001422,WO000178,P011,PR06,L03,2026-06-26,1026,978,54,12,N
OUT00001423,WO000178,P011,PR07,L03,2026-06-27,969,933,42,12,D
OUT00001424,WO000178,P011,PR08,L03,2026-06-27,934,923,12,2,D
OUT00001425,WO000179,P019,PR01,L01,2026-06-25,1001,987,17,6,N
OUT00001426,WO000179,P019,PR02,L01,2026-06-25,980,965,17,4,D
OUT00001427,WO000179,P019,PR03,L01,2026-06-25,959,955,4,1,D
OUT00001428,WO000179,P019,PR04,L01,2026-06-26,941,916,32,14,D
OUT00001429,WO000179,P019,PR05,L01,2026-06-26,919,892,32,10,D
OUT00001430,WO000179,P019,PR06,L01,2026-06-26,880,851,35,12,D
OUT00001431,WO000179,P019,PR07,L01,2026-06-27,852,818,36,5,D
OUT00001432,WO000179,P019,PR08,L01,2026-06-27,815,809,7,3,D
OUT00001433,WO000180,P004,PR01,L04,2026-06-25,993,967,29,7,D
OUT00001434,WO000180,P004,PR02,L04,2026-06-25,967,936,33,5,N
OUT00001435,WO000180,P004,PR03,L04,2026-06-25,940,930,12,4,D
OUT00001436,WO000180,P004,PR04,L04,2026-06-26,918,886,40,16,D
OUT00001437,WO000180,P004,PR05,L04,2026-06-26,882,839,46,7,D
OUT00001438,WO000180,P004,PR06,L04,2026-06-26,830,796,44,19,N
OUT00001439,WO000180,P004,PR07,L04,2026-06-27,794,761,42,17,D
OUT00001440,WO000180,P004,PR08,L04,2026-06-27,753,743,11,2,N
OUT00001441,WO000181,P007,PR01,L03,2026-06-25,1182,1158,29,10,D
OUT00001442,WO000181,P007,PR02,L03,2026-06-25,1151,1129,29,13,D
OUT00001443,WO000181,P007,PR03,L03,2026-06-25,1121,1114,8,2,N
OUT00001444,WO000181,P007,PR04,L03,2026-06-26,1100,1059,45,8,N
OUT00001445,WO000181,P007,PR05,L03,2026-06-26,1051,1015,43,13,D
OUT00001446,WO000181,P007,PR06,L03,2026-06-26,999,954,54,17,N
OUT00001447,WO000181,P007,PR07,L03,2026-06-27,948,909,49,19,D
OUT00001448,WO000181,P007,PR08,L03,2026-06-27,896,889,9,4,N
OUT00001449,WO000182,P014,PR01,L02,2026-06-25,1996,1965,38,13,N
OUT00001450,WO000182,P014,PR02,L02,2026-06-25,1942,1911,38,13,N
OUT00001451,WO000182,P014,PR03,L02,2026-06-25,1888,1866,24,5,D
OUT00001452,WO000182,P014,PR04,L02,2026-06-26,1844,1796,55,14,D
OUT00001453,WO000182,P014,PR05,L02,2026-06-26,1770,1708,77,28,D
OUT00001454,WO000182,P014,PR06,L02,2026-06-26,1702,1633,89,37,D
OUT00001455,WO000182,P014,PR07,L02,2026-06-27,1624,1568,68,23,N
OUT00001456,WO000182,P014,PR08,L02,2026-06-27,1566,1557,10,2,N
OUT00001457,WO000183,P018,PR01,L04,2026-06-25,800,782,22,8,D
OUT00001458,WO000183,P018,PR02,L04,2026-06-25,770,752,20,4,N
OUT00001459,WO000183,P018,PR03,L04,2026-06-25,740,727,14,3,N
OUT00001460,WO000183,P018,PR04,L04,2026-06-26,728,701,30,6,D
OUT00001461,WO000183,P018,PR05,L04,2026-06-26,695,668,32,10,N
OUT00001462,WO000183,P018,PR06,L04,2026-06-26,666,637,37,15,N
OUT00001463,WO000183,P018,PR07,L04,2026-06-27,631,601,33,6,N
OUT00001464,WO000183,P018,PR08,L04,2026-06-27,603,596,9,4,D
OUT00001465,WO000184,P008,PR01,L04,2026-06-25,1776,1730,55,17,N
OUT00001466,WO000184,P008,PR02,L04,2026-06-25,1735,1684,55,9,D
OUT00001467,WO000184,P008,PR03,L04,2026-06-25,1658,1640,19,3,D
OUT00001468,WO000184,P008,PR04,L04,2026-06-26,1617,1558,65,12,D
OUT00001469,WO000184,P008,PR05,L04,2026-06-26,1555,1492,69,11,D
OUT00001470,WO000184,P008,PR06,L04,2026-06-26,1475,1408,87,38,D
OUT00001471,WO000184,P008,PR07,L04,2026-06-27,1388,1332,69,25,N
OUT00001472,WO000184,P008,PR08,L04,2026-06-27,1318,1302,17,3,D
OUT00001473,WO000185,P026,PR01,L02,2026-06-26,1478,1452,30,9,N
OUT00001474,WO000185,P026,PR02,L02,2026-06-26,1451,1422,32,7,D
OUT00001475,WO000185,P026,PR03,L02,2026-06-26,1421,1409,15,6,N
OUT00001476,WO000185,P026,PR04,L02,2026-06-27,1396,1357,42,7,N
OUT00001477,WO000185,P026,PR05,L02,2026-06-27,1339,1294,58,25,D
OUT00001478,WO000185,P026,PR06,L02,2026-06-27,1284,1236,58,19,N
OUT00001479,WO000185,P026,PR07,L02,2026-06-28,1239,1188,58,14,D
OUT00001480,WO000185,P026,PR08,L02,2026-06-28,1171,1166,6,3,D
OUT00001481,WO000186,P015,PR01,L05,2026-06-26,1191,1177,15,2,N
OUT00001482,WO000186,P015,PR02,L05,2026-06-26,1177,1157,22,4,D
OUT00001483,WO000186,P015,PR03,L05,2026-06-26,1162,1151,12,2,N
OUT00001484,WO000186,P015,PR04,L05,2026-06-27,1139,1108,39,16,N
OUT00001485,WO000186,P015,PR05,L05,2026-06-27,1103,1068,39,8,D
OUT00001486,WO000186,P015,PR06,L05,2026-06-27,1055,1017,47,17,D
OUT00001487,WO000186,P015,PR07,L05,2026-06-28,1018,988,39,17,D
OUT00001488,WO000186,P015,PR08,L05,2026-06-28,976,971,6,2,N
OUT00001489,WO000187,P013,PR01,L03,2026-06-26,1804,1762,48,12,D
OUT00001490,WO000187,P013,PR02,L03,2026-06-26,1755,1713,50,15,D
OUT00001491,WO000187,P013,PR03,L03,2026-06-26,1706,1684,26,9,N
OUT00001492,WO000187,P013,PR04,L03,2026-06-27,1668,1612,63,13,D
OUT00001493,WO000187,P013,PR05,L03,2026-06-27,1617,1564,63,19,N
OUT00001494,WO000187,P013,PR06,L03,2026-06-27,1551,1485,84,33,N
OUT00001495,WO000187,P013,PR07,L03,2026-06-28,1465,1408,69,23,D
OUT00001496,WO000187,P013,PR08,L03,2026-06-28,1402,1393,10,2,N
OUT00001497,WO000188,P014,PR01,L04,2026-06-26,1985,1946,42,6,N
OUT00001498,WO000188,P014,PR02,L04,2026-06-26,1949,1894,66,20,N
OUT00001499,WO000188,P014,PR03,L04,2026-06-26,1875,1857,20,4,D
OUT00001500,WO000188,P014,PR04,L04,2026-06-27,1845,1779,78,23,D
OUT00001501,WO000188,P014,PR05,L04,2026-06-27,1769,1696,90,32,D
OUT00001502,WO000188,P014,PR06,L04,2026-06-27,1689,1608,101,38,D
OUT00001503,WO000188,P014,PR07,L04,2026-06-28,1586,1523,77,27,N
OUT00001504,WO000188,P014,PR08,L04,2026-06-28,1518,1502,17,3,N
OUT00001505,WO000189,P005,PR01,L04,2026-06-26,1200,1173,29,5,N
OUT00001506,WO000189,P005,PR02,L04,2026-06-26,1161,1136,29,8,N
OUT00001507,WO000189,P005,PR03,L04,2026-06-26,1128,1110,21,6,N
OUT00001508,WO000189,P005,PR04,L04,2026-06-27,1100,1064,42,11,D
OUT00001509,WO000189,P005,PR05,L04,2026-06-27,1061,1017,50,11,D
OUT00001510,WO000189,P005,PR06,L04,2026-06-27,1020,966,62,16,D
OUT00001511,WO000189,P005,PR07,L04,2026-06-28,970,934,45,17,N
OUT00001512,WO000189,P005,PR08,L04,2026-06-28,924,911,17,8,N
OUT00001513,WO000190,P015,PR01,L05,2026-06-26,997,979,20,4,D
OUT00001514,WO000190,P015,PR02,L05,2026-06-26,983,965,21,7,N
OUT00001515,WO000190,P015,PR03,L05,2026-06-26,957,953,4,1,N
OUT00001516,WO000190,P015,PR04,L05,2026-06-27,951,924,33,11,N
OUT00001517,WO000190,P015,PR05,L05,2026-06-27,927,903,31,14,D
OUT00001518,WO000190,P015,PR06,L05,2026-06-27,899,864,42,14,N
OUT00001519,WO000190,P015,PR07,L05,2026-06-28,857,826,34,6,N
OUT00001520,WO000190,P015,PR08,L05,2026-06-28,823,820,3,1,N
OUT00001521,WO000191,P022,PR01,L03,2026-06-26,1981,1935,50,9,D
OUT00001522,WO000191,P022,PR02,L03,2026-06-26,1922,1879,51,15,N
OUT00001523,WO000191,P022,PR03,L03,2026-06-26,1851,1828,27,8,N
OUT00001524,WO000191,P022,PR04,L03,2026-06-27,1833,1780,67,27,D
OUT00001525,WO000191,P022,PR05,L03,2026-06-27,1758,1695,71,15,N
OUT00001526,WO000191,P022,PR06,L03,2026-06-27,1682,1605,95,34,N
OUT00001527,WO000191,P022,PR07,L03,2026-06-28,1598,1539,70,20,D
OUT00001528,WO000191,P022,PR08,L03,2026-06-28,1519,1500,22,6,N
OUT00001529,WO000192,P013,PR01,L03,2026-06-27,1481,1448,39,11,D
OUT00001530,WO000192,P013,PR02,L03,2026-06-27,1443,1411,36,8,N
OUT00001531,WO000192,P013,PR03,L03,2026-06-27,1407,1394,16,6,N
OUT00001532,WO000192,P013,PR04,L03,2026-06-28,1384,1341,56,25,N
OUT00001533,WO000192,P013,PR05,L03,2026-06-28,1325,1280,52,14,N
OUT00001534,WO000192,P013,PR06,L03,2026-06-28,1272,1213,67,16,D
OUT00001535,WO000192,P013,PR07,L03,2026-06-29,1207,1156,59,16,N
OUT00001536,WO000192,P013,PR08,L03,2026-06-29,1147,1134,14,3,D
OUT00001537,WO000193,P009,PR01,L03,2026-06-27,593,582,13,5,D
OUT00001538,WO000193,P009,PR02,L03,2026-06-27,574,561,14,2,N
OUT00001539,WO000193,P009,PR03,L03,2026-06-27,562,556,7,3,N
OUT00001540,WO000193,P009,PR04,L03,2026-06-28,558,541,20,6,N
OUT00001541,WO000193,P009,PR05,L03,2026-06-28,543,524,22,7,D
OUT00001542,WO000193,P009,PR06,L03,2026-06-28,519,493,29,7,N
OUT00001543,WO000193,P009,PR07,L03,2026-06-29,486,466,24,8,D
OUT00001544,WO000193,P009,PR08,L03,2026-06-29,459,455,5,2,D
OUT00001545,WO000194,P023,PR01,L04,2026-06-27,1778,1736,55,24,D
OUT00001546,WO000194,P023,PR02,L04,2026-06-27,1726,1687,51,22,D
OUT00001547,WO000194,P023,PR03,L04,2026-06-27,1676,1654,29,13,D
OUT00001548,WO000194,P023,PR04,L04,2026-06-28,1654,1600,68,27,N
OUT00001549,WO000194,P023,PR05,L04,2026-06-28,1602,1546,72,30,N
OUT00001550,WO000194,P023,PR06,L04,2026-06-28,1532,1460,91,36,N
OUT00001551,WO000194,P023,PR07,L04,2026-06-29,1455,1394,74,24,N
OUT00001552,WO000194,P023,PR08,L04,2026-06-29,1389,1371,23,10,N
OUT00001553,WO000195,P026,PR01,L04,2026-06-27,1985,1938,51,8,N
OUT00001554,WO000195,P026,PR02,L04,2026-06-27,1923,1869,65,21,D
OUT00001555,WO000195,P026,PR03,L04,2026-06-27,1848,1820,35,14,D
OUT00001556,WO000195,P026,PR04,L04,2026-06-28,1826,1765,70,18,D
OUT00001557,WO000195,P026,PR05,L04,2026-06-28,1761,1679,90,16,N
OUT00001558,WO000195,P026,PR06,L04,2026-06-28,1679,1600,88,17,D
OUT00001559,WO000195,P026,PR07,L04,2026-06-29,1578,1511,87,37,N
OUT00001560,WO000195,P026,PR08,L04,2026-06-29,1508,1494,16,4,D
OUT00001561,WO000196,P014,PR01,L01,2026-06-27,987,970,19,4,N
OUT00001562,WO000196,P014,PR02,L01,2026-06-27,967,950,19,4,D
OUT00001563,WO000196,P014,PR03,L01,2026-06-27,952,946,6,1,D
OUT00001564,WO000196,P014,PR04,L01,2026-06-28,945,920,28,7,N
OUT00001565,WO000196,P014,PR05,L01,2026-06-28,916,888,35,14,N
OUT00001566,WO000196,P014,PR06,L01,2026-06-28,889,855,37,7,D
OUT00001567,WO000196,P014,PR07,L01,2026-06-29,857,825,35,6,N
OUT00001568,WO000196,P014,PR08,L01,2026-06-29,821,817,5,2,D
OUT00001569,WO000197,P014,PR01,L05,2026-06-27,1774,1748,33,14,D
OUT00001570,WO000197,P014,PR02,L05,2026-06-27,1740,1711,36,13,N
OUT00001571,WO000197,P014,PR03,L05,2026-06-27,1700,1691,11,5,D
OUT00001572,WO000197,P014,PR04,L05,2026-06-28,1666,1618,55,13,N
OUT00001573,WO000197,P014,PR05,L05,2026-06-28,1620,1575,56,21,N
OUT00001574,WO000197,P014,PR06,L05,2026-06-28,1561,1501,71,21,D
OUT00001575,WO000197,P014,PR07,L05,2026-06-29,1503,1447,62,11,D
OUT00001576,WO000197,P014,PR08,L05,2026-06-29,1442,1433,10,3,N
OUT00001577,WO000198,P014,PR01,L03,2026-06-28,1493,1467,32,12,D
OUT00001578,WO000198,P014,PR02,L03,2026-06-28,1464,1436,35,13,D
OUT00001579,WO000198,P014,PR03,L03,2026-06-28,1432,1415,20,6,D
OUT00001580,WO000198,P014,PR04,L03,2026-06-29,1396,1353,48,10,N
OUT00001581,WO000198,P014,PR05,L03,2026-06-29,1338,1293,57,22,D
OUT00001582,WO000198,P014,PR06,L03,2026-06-29,1296,1241,69,27,N
OUT00001583,WO000198,P014,PR07,L03,2026-06-30,1228,1178,54,8,D
OUT00001584,WO000198,P014,PR08,L03,2026-06-30,1170,1162,8,1,D
OUT00001585,WO000199,P002,PR01,L05,2026-06-28,796,782,17,7,N
OUT00001586,WO000199,P002,PR02,L05,2026-06-28,772,759,15,5,D
OUT00001587,WO000199,P002,PR03,L05,2026-06-28,753,750,3,1,D
OUT00001588,WO000199,P002,PR04,L05,2026-06-29,745,728,19,5,N
OUT00001589,WO000199,P002,PR05,L05,2026-06-29,717,695,25,7,D
OUT00001590,WO000199,P002,PR06,L05,2026-06-29,698,675,30,13,N
OUT00001591,WO000199,P002,PR07,L05,2026-06-30,676,651,30,10,D
OUT00001592,WO000199,P002,PR08,L05,2026-06-30,651,648,3,1,D
OUT00001593,WO000200,P017,PR01,L04,2026-06-28,601,589,13,2,N
OUT00001594,WO000200,P017,PR02,L04,2026-06-28,588,574,16,5,D
OUT00001595,WO000200,P017,PR03,L04,2026-06-28,575,567,10,4,D
OUT00001596,WO000200,P017,PR04,L04,2026-06-29,568,549,21,4,D
OUT00001597,WO000200,P017,PR05,L04,2026-06-29,541,519,28,12,N
OUT00001598,WO000200,P017,PR06,L04,2026-06-29,513,490,30,13,N
OUT00001599,WO000200,P017,PR07,L04,2026-06-30,483,464,23,8,D
OUT00001600,WO000200,P017,PR08,L04,2026-06-30,458,453,5,1,D
OUT00001601,WO000201,P015,PR01,L02,2026-06-28,1786,1766,25,10,D
OUT00001602,WO000201,P015,PR02,L02,2026-06-28,1764,1722,49,14,D
OUT00001603,WO000201,P015,PR03,L02,2026-06-28,1729,1712,19,4,N
OUT00001604,WO000201,P015,PR04,L02,2026-06-29,1713,1663,57,13,D
OUT00001605,WO000201,P015,PR05,L02,2026-06-29,1654,1605,60,20,D
OUT00001606,WO000201,P015,PR06,L02,2026-06-29,1604,1532,84,22,D
OUT00001607,WO000201,P015,PR07,L02,2026-06-30,1527,1464,72,17,N
OUT00001608,WO000201,P015,PR08,L02,2026-06-30,1442,1433,10,2,D
OUT00001609,WO000202,P026,PR01,L04,2026-06-28,1795,1751,53,18,N
OUT00001610,WO000202,P026,PR02,L04,2026-06-28,1750,1702,58,19,D
OUT00001611,WO000202,P026,PR03,L04,2026-06-28,1682,1662,22,4,N
OUT00001612,WO000202,P026,PR04,L04,2026-06-29,1648,1600,59,21,D
OUT00001613,WO000202,P026,PR05,L04,2026-06-29,1592,1536,74,33,N
OUT00001614,WO000202,P026,PR06,L04,2026-06-29,1525,1451,89,29,D
OUT00001615,WO000202,P026,PR07,L04,2026-06-30,1431,1362,77,15,D
OUT00001616,WO000202,P026,PR08,L04,2026-06-30,1352,1336,18,5,D
OUT00001617,WO000203,P015,PR01,L02,2026-06-28,1196,1177,24,10,N
OUT00001618,WO000203,P015,PR02,L02,2026-06-28,1174,1156,21,7,N
OUT00001619,WO000203,P015,PR03,L02,2026-06-28,1139,1133,6,1,D
OUT00001620,WO000203,P015,PR04,L02,2026-06-29,1125,1092,37,8,D
OUT00001621,WO000203,P015,PR05,L02,2026-06-29,1091,1056,41,11,D
OUT00001622,WO000203,P015,PR06,L02,2026-06-29,1054,1009,54,18,D
OUT00001623,WO000203,P015,PR07,L02,2026-06-30,1001,965,46,19,N
OUT00001624,WO000203,P015,PR08,L02,2026-06-30,957,946,12,3,N
OUT00001625,WO000204,P014,PR01,L05,2026-06-28,1782,1753,31,5,N
OUT00001626,WO000204,P014,PR02,L05,2026-06-28,1740,1706,42,16,D
OUT00001627,WO000204,P014,PR03,L05,2026-06-28,1705,1699,7,2,D
OUT00001628,WO000204,P014,PR04,L05,2026-06-29,1691,1648,56,24,N
OUT00001629,WO000204,P014,PR05,L05,2026-06-29,1634,1587,54,14,N
OUT00001630,WO000204,P014,PR06,L05,2026-06-29,1592,1524,81,25,D
OUT00001631,WO000204,P014,PR07,L05,2026-06-30,1509,1447,69,13,N
OUT00001632,WO000204,P014,PR08,L05,2026-06-30,1441,1432,10,2,D
OUT00001633,WO000205,P009,PR01,L01,2026-06-28,1808,1784,31,13,N
OUT00001634,WO000205,P009,PR02,L01,2026-06-28,1789,1760,35,12,D
OUT00001635,WO000205,P009,PR03,L01,2026-06-28,1755,1749,7,2,N
OUT00001636,WO000205,P009,PR04,L01,2026-06-29,1726,1678,53,10,N
OUT00001637,WO000205,P009,PR05,L01,2026-06-29,1680,1627,64,21,N
OUT00001638,WO000205,P009,PR06,L01,2026-06-29,1630,1578,68,30,D
OUT00001639,WO000205,P009,PR07,L01,2026-06-30,1565,1518,55,15,D
OUT00001640,WO000205,P009,PR08,L01,2026-06-30,1520,1515,6,2,D
OUT00001641,WO000206,P009,PR01,L04,2026-06-29,985,961,28,9,N
OUT00001642,WO000206,P009,PR02,L04,2026-06-29,965,945,25,10,D
OUT00001643,WO000206,P009,PR03,L04,2026-06-29,939,925,17,6,D
OUT00001644,WO000206,P009,PR04,L04,2026-06-30,920,888,35,6,N
OUT00001645,WO000206,P009,PR05,L04,2026-06-30,879,845,44,19,D
OUT00001646,WO000206,P009,PR06,L04,2026-06-30,835,792,48,10,N
OUT00001647,WO000206,P009,PR07,L04,2026-07-01,795,766,37,16,D
OUT00001648,WO000206,P009,PR08,L04,2026-07-01,764,753,14,6,D
OUT00001649,WO000207,P028,PR01,L03,2026-06-29,1980,1940,47,14,D
OUT00001650,WO000207,P028,PR02,L03,2026-06-29,1932,1883,59,19,D
OUT00001651,WO000207,P028,PR03,L03,2026-06-29,1882,1869,16,7,D
OUT00001652,WO000207,P028,PR04,L03,2026-06-30,1861,1802,64,10,D
OUT00001653,WO000207,P028,PR05,L03,2026-06-30,1800,1725,84,18,D
OUT00001654,WO000207,P028,PR06,L03,2026-06-30,1727,1655,93,39,D
OUT00001655,WO000207,P028,PR07,L03,2026-07-01,1644,1569,82,14,D
OUT00001656,WO000207,P028,PR08,L03,2026-07-01,1569,1552,21,8,D
OUT00001657,WO000208,P012,PR01,L01,2026-06-29,1185,1168,21,8,N
OUT00001658,WO000208,P012,PR02,L01,2026-06-29,1164,1141,28,10,D
OUT00001659,WO000208,P012,PR03,L01,2026-06-29,1136,1131,5,1,N
OUT00001660,WO000208,P012,PR04,L01,2026-06-30,1129,1105,29,10,N
OUT00001661,WO000208,P012,PR05,L01,2026-06-30,1091,1062,37,15,N
OUT00001662,WO000208,P012,PR06,L01,2026-06-30,1062,1023,51,22,N
OUT00001663,WO000208,P012,PR07,L01,2026-07-01,1016,983,42,18,N
OUT00001664,WO000208,P012,PR08,L01,2026-07-01,972,968,4,1,D
OUT00001665,WO000209,P012,PR01,L02,2026-06-29,1505,1482,25,4,D
OUT00001666,WO000209,P012,PR02,L02,2026-06-29,1475,1450,28,7,N
OUT00001667,WO000209,P012,PR03,L02,2026-06-29,1435,1422,14,2,D
OUT00001668,WO000209,P012,PR04,L02,2026-06-30,1427,1385,48,11,D
OUT00001669,WO000209,P012,PR05,L02,2026-06-30,1391,1342,56,14,D
OUT00001670,WO000209,P012,PR06,L02,2026-06-30,1345,1286,64,10,N
OUT00001671,WO000209,P012,PR07,L02,2026-07-01,1290,1238,59,13,N
OUT00001672,WO000209,P012,PR08,L02,2026-07-01,1226,1220,6,1,D
OUT00001673,WO000210,P006,PR01,L05,2026-06-29,1502,1477,32,13,N
OUT00001674,WO000210,P006,PR02,L05,2026-06-29,1473,1447,29,7,D
OUT00001675,WO000210,P006,PR03,L05,2026-06-29,1445,1433,15,6,D
OUT00001676,WO000210,P006,PR04,L05,2026-06-30,1438,1400,50,22,D
OUT00001677,WO000210,P006,PR05,L05,2026-06-30,1400,1354,55,17,N
OUT00001678,WO000210,P006,PR06,L05,2026-06-30,1360,1311,59,19,N
OUT00001679,WO000210,P006,PR07,L05,2026-07-01,1305,1257,59,21,D
OUT00001680,WO000210,P006,PR08,L05,2026-07-01,1254,1244,11,2,D
OUT00001681,WO000211,P018,PR01,L03,2026-06-29,985,970,18,7,N
OUT00001682,WO000211,P018,PR02,L03,2026-06-29,955,929,29,7,N
OUT00001683,WO000211,P018,PR03,L03,2026-06-29,925,918,8,2,D
OUT00001684,WO000211,P018,PR04,L03,2026-06-30,918,894,31,14,D
OUT00001685,WO000211,P018,PR05,L03,2026-06-30,882,855,34,13,D
OUT00001686,WO000211,P018,PR06,L03,2026-06-30,855,815,48,16,N
OUT00001687,WO000211,P018,PR07,L03,2026-07-01,807,777,38,16,D
OUT00001688,WO000211,P018,PR08,L03,2026-07-01,780,773,8,2,D
OUT00001689,WO000212,P003,PR01,L03,2026-06-29,2008,1971,42,10,D
OUT00001690,WO000212,P003,PR02,L03,2026-06-29,1943,1903,48,15,D
OUT00001691,WO000212,P003,PR03,L03,2026-06-29,1881,1864,20,6,D
OUT00001692,WO000212,P003,PR04,L03,2026-06-30,1853,1795,66,16,N
OUT00001693,WO000212,P003,PR05,L03,2026-06-30,1774,1710,74,19,D
OUT00001694,WO000212,P003,PR06,L03,2026-06-30,1702,1632,88,33,N
OUT00001695,WO000212,P003,PR07,L03,2026-07-01,1623,1562,74,24,D
OUT00001696,WO000212,P003,PR08,L03,2026-07-01,1539,1520,23,8,D
OUT00001697,WO000213,P019,PR01,L02,2026-06-30,1795,1765,33,7,D
OUT00001698,WO000213,P019,PR02,L02,2026-06-30,1740,1709,37,11,D
OUT00001699,WO000213,P019,PR03,L02,2026-06-30,1714,1698,19,7,D
OUT00001700,WO000213,P019,PR04,L02,2026-07-01,1684,1633,58,13,D
OUT00001701,WO000213,P019,PR05,L02,2026-07-01,1634,1586,60,23,N
OUT00001702,WO000213,P019,PR06,L02,2026-07-01,1577,1516,70,17,N
OUT00001703,WO000213,P019,PR07,L02,2026-07-02,1521,1466,64,17,D
OUT00001704,WO000213,P019,PR08,L02,2026-07-02,1469,1463,6,1,D
OUT00001705,WO000214,P006,PR01,L03,2026-06-30,596,583,14,3,N
OUT00001706,WO000214,P006,PR02,L03,2026-06-30,575,560,18,6,D
OUT00001707,WO000214,P006,PR03,L03,2026-06-30,562,555,8,2,D
OUT00001708,WO000214,P006,PR04,L03,2026-07-01,554,534,22,4,N
OUT00001709,WO000214,P006,PR05,L03,2026-07-01,531,509,24,5,N
OUT00001710,WO000214,P006,PR06,L03,2026-07-01,506,485,26,10,N
OUT00001711,WO000214,P006,PR07,L03,2026-07-02,485,464,24,6,N
OUT00001712,WO000214,P006,PR08,L03,2026-07-02,457,453,5,2,D
OUT00001713,WO000215,P013,PR01,L04,2026-06-30,1987,1939,53,10,N
OUT00001714,WO000215,P013,PR02,L04,2026-06-30,1938,1891,51,9,D
OUT00001715,WO000215,P013,PR03,L04,2026-06-30,1888,1865,25,5,N
OUT00001716,WO000215,P013,PR04,L04,2026-07-01,1858,1803,65,19,N
OUT00001717,WO000215,P013,PR05,L04,2026-07-01,1779,1704,89,26,D
OUT00001718,WO000215,P013,PR06,L04,2026-07-01,1699,1613,99,25,N
OUT00001719,WO000215,P013,PR07,L04,2026-07-02,1601,1529,85,24,N
OUT00001720,WO000215,P013,PR08,L04,2026-07-02,1521,1506,18,6,D
OUT00001721,WO000216,P005,PR01,L05,2026-06-30,792,777,17,5,D
OUT00001722,WO000216,P005,PR02,L05,2026-06-30,773,756,19,5,D
OUT00001723,WO000216,P005,PR03,L05,2026-06-30,756,753,3,1,D
OUT00001724,WO000216,P005,PR04,L05,2026-07-01,756,734,24,5,N
OUT00001725,WO000216,P005,PR05,L05,2026-07-01,727,703,26,4,N
OUT00001726,WO000216,P005,PR06,L05,2026-07-01,698,672,30,9,N
OUT00001727,WO000216,P005,PR07,L05,2026-07-02,673,650,29,12,D
OUT00001728,WO000216,P005,PR08,L05,2026-07-02,641,635,6,1,D
OUT00001729,WO000217,P028,PR01,L03,2026-06-30,2007,1961,52,12,N
OUT00001730,WO000217,P028,PR02,L03,2026-06-30,1937,1897,46,11,N
OUT00001731,WO000217,P028,PR03,L03,2026-06-30,1883,1866,21,8,D
OUT00001732,WO000217,P028,PR04,L03,2026-07-01,1861,1800,67,12,N
OUT00001733,WO000217,P028,PR05,L03,2026-07-01,1778,1708,85,29,D
OUT00001734,WO000217,P028,PR06,L03,2026-07-01,1709,1636,88,28,D
OUT00001735,WO000217,P028,PR07,L03,2026-07-02,1639,1569,80,19,D
OUT00001736,WO000217,P028,PR08,L03,2026-07-02,1574,1560,17,6,N
OUT00001737,WO000218,P015,PR01,L02,2026-06-30,591,578,14,2,N
OUT00001738,WO000218,P015,PR02,L02,2026-06-30,574,563,12,2,D
OUT00001739,WO000218,P015,PR03,L02,2026-06-30,556,553,3,1,N
OUT00001740,WO000218,P015,PR04,L02,2026-07-01,554,539,17,4,D
OUT00001741,WO000218,P015,PR05,L02,2026-07-01,532,512,22,5,D
OUT00001742,WO000218,P015,PR06,L02,2026-07-01,505,483,26,9,N
OUT00001743,WO000218,P015,PR07,L02,2026-07-02,478,459,21,5,N
OUT00001744,WO000218,P015,PR08,L02,2026-07-02,458,456,2,0,N
OUT00001745,WO000219,P008,PR01,L03,2026-06-30,1001,980,23,4,N
OUT00001746,WO000219,P008,PR02,L03,2026-06-30,971,944,30,7,D
OUT00001747,WO000219,P008,PR03,L03,2026-06-30,936,926,12,5,N
OUT00001748,WO000219,P008,PR04,L03,2026-07-01,926,899,35,15,D
OUT00001749,WO000219,P008,PR05,L03,2026-07-01,894,861,40,14,N
OUT00001750,WO000219,P008,PR06,L03,2026-07-01,853,819,42,16,N
OUT00001751,WO000219,P008,PR07,L03,2026-07-02,815,787,35,13,N
OUT00001752,WO000219,P008,PR08,L03,2026-07-02,786,780,7,2,D
OUT00001753,WO000220,P014,PR01,L02,2026-06-30,800,785,17,4,D
OUT00001754,WO000220,P014,PR02,L02,2026-06-30,776,763,14,3,D
OUT00001755,WO000220,P014,PR03,L02,2026-06-30,754,749,6,2,D
OUT00001756,WO000220,P014,PR04,L02,2026-07-01,748,729,23,8,N
OUT00001757,WO000220,P014,PR05,L02,2026-07-01,726,702,26,5,D
OUT00001758,WO000220,P014,PR06,L02,2026-07-01,697,665,35,7,D
OUT00001759,WO000220,P014,PR07,L02,2026-07-02,664,636,32,8,D
OUT00001760,WO000220,P014,PR08,L02,2026-07-02,635,631,4,1,N
OUT00001761,WO000221,P016,PR01,L03,2026-07-01,1994,1953,44,7,D
OUT00001762,WO000221,P016,PR02,L03,2026-07-01,1959,1907,60,16,D
OUT00001763,WO000221,P016,PR03,L03,2026-07-01,1899,1887,14,5,N
OUT00001764,WO000221,P016,PR04,L03,2026-07-02,1884,1820,71,13,D
OUT00001765,WO000221,P016,PR05,L03,2026-07-02,1805,1732,83,19,N
OUT00001766,WO000221,P016,PR06,L03,2026-07-02,1740,1663,92,29,D
OUT00001767,WO000221,P016,PR07,L03,2026-07-03,1654,1593,76,29,N
OUT00001768,WO000221,P016,PR08,L03,2026-07-03,1588,1579,11,4,D
OUT00001769,WO000222,P014,PR01,L03,2026-07-01,602,592,12,5,N
OUT00001770,WO000222,P014,PR02,L03,2026-07-01,584,570,16,4,D
OUT00001771,WO000222,P014,PR03,L03,2026-07-01,568,561,8,2,D
OUT00001772,WO000222,P014,PR04,L03,2026-07-02,557,538,22,6,N
OUT00001773,WO000222,P014,PR05,L03,2026-07-02,533,513,21,3,D
OUT00001774,WO000222,P014,PR06,L03,2026-07-02,510,489,25,8,D
OUT00001775,WO000222,P014,PR07,L03,2026-07-03,482,462,24,8,N
OUT00001776,WO000222,P014,PR08,L03,2026-07-03,456,452,5,2,D
OUT00001777,WO000223,P015,PR01,L02,2026-07-01,1977,1940,41,8,D
OUT00001778,WO000223,P015,PR02,L02,2026-07-01,1928,1889,46,14,N
OUT00001779,WO000223,P015,PR03,L02,2026-07-01,1875,1863,15,6,D
OUT00001780,WO000223,P015,PR04,L02,2026-07-02,1842,1793,64,29,D
OUT00001781,WO000223,P015,PR05,L02,2026-07-02,1790,1737,63,19,D
OUT00001782,WO000223,P015,PR06,L02,2026-07-02,1718,1653,84,35,D
OUT00001783,WO000223,P015,PR07,L02,2026-07-03,1629,1571,72,26,D
OUT00001784,WO000223,P015,PR08,L02,2026-07-03,1550,1542,9,2,D
OUT00001785,WO000224,P001,PR01,L02,2026-07-01,799,784,16,3,N
OUT00001786,WO000224,P001,PR02,L02,2026-07-01,777,763,17,6,D
OUT00001787,WO000224,P001,PR03,L02,2026-07-01,757,753,5,2,D
OUT00001788,WO000224,P001,PR04,L02,2026-07-02,752,728,27,6,D
OUT00001789,WO000224,P001,PR05,L02,2026-07-02,723,699,26,5,N
OUT00001790,WO000224,P001,PR06,L02,2026-07-02,700,670,32,5,N
OUT00001791,WO000224,P001,PR07,L02,2026-07-03,669,642,30,6,D
OUT00001792,WO000224,P001,PR08,L02,2026-07-03,644,639,6,2,N
OUT00001793,WO000225,P026,PR01,L04,2026-07-01,789,775,18,8,N
OUT00001794,WO000225,P026,PR02,L04,2026-07-01,769,748,23,4,D
OUT00001795,WO000225,P026,PR03,L04,2026-07-01,747,740,8,3,D
OUT00001796,WO000225,P026,PR04,L04,2026-07-02,742,716,30,8,D
OUT00001797,WO000225,P026,PR05,L04,2026-07-02,713,686,30,6,N
OUT00001798,WO000225,P026,PR06,L04,2026-07-02,680,647,36,6,N
OUT00001799,WO000225,P026,PR07,L04,2026-07-03,643,615,36,15,N
OUT00001800,WO000225,P026,PR08,L04,2026-07-03,616,609,8,2,D
OUT00001801,WO000226,P006,PR01,L03,2026-07-01,990,971,21,5,D
OUT00001802,WO000226,P006,PR02,L03,2026-07-01,973,953,22,4,N
OUT00001803,WO000226,P006,PR03,L03,2026-07-01,949,944,6,2,N
OUT00001804,WO000226,P006,PR04,L03,2026-07-02,948,919,36,13,D
OUT00001805,WO000226,P006,PR05,L03,2026-07-02,911,876,39,9,N
OUT00001806,WO000226,P006,PR06,L03,2026-07-02,874,834,50,19,D
OUT00001807,WO000226,P006,PR07,L03,2026-07-03,837,804,36,6,D
OUT00001808,WO000226,P006,PR08,L03,2026-07-03,796,788,9,3,D
OUT00001809,WO000227,P024,PR01,L01,2026-07-01,2005,1973,37,10,D
OUT00001810,WO000227,P024,PR02,L01,2026-07-01,1960,1926,37,6,N
OUT00001811,WO000227,P024,PR03,L01,2026-07-01,1903,1896,8,3,N
OUT00001812,WO000227,P024,PR04,L01,2026-07-02,1877,1834,55,23,D
OUT00001813,WO000227,P024,PR05,L01,2026-07-02,1817,1760,67,19,D
OUT00001814,WO000227,P024,PR06,L01,2026-07-02,1752,1683,78,17,N
OUT00001815,WO000227,P024,PR07,L01,2026-07-03,1672,1619,70,31,N
OUT00001816,WO000227,P024,PR08,L01,2026-07-03,1595,1589,6,1,D
OUT00001817,WO000228,P015,PR01,L02,2026-07-01,1973,1937,44,16,N
OUT00001818,WO000228,P015,PR02,L02,2026-07-01,1910,1876,38,9,D
OUT00001819,WO000228,P015,PR03,L02,2026-07-01,1854,1844,12,4,D
OUT00001820,WO000228,P015,PR04,L02,2026-07-02,1842,1791,61,19,N
OUT00001821,WO000228,P015,PR05,L02,2026-07-02,1793,1729,80,30,D
OUT00001822,WO000228,P015,PR06,L02,2026-07-02,1727,1648,92,24,N
OUT00001823,WO000228,P015,PR07,L02,2026-07-03,1634,1576,69,21,D
OUT00001824,WO000228,P015,PR08,L02,2026-07-03,1562,1546,19,7,D
OUT00001825,WO000229,P027,PR01,L03,2026-07-01,1185,1165,23,7,D
OUT00001826,WO000229,P027,PR02,L03,2026-07-01,1168,1144,27,6,D
OUT00001827,WO000229,P027,PR03,L03,2026-07-01,1138,1127,13,5,D
OUT00001828,WO000229,P027,PR04,L03,2026-07-02,1120,1079,45,9,N
OUT00001829,WO000229,P027,PR05,L03,2026-07-02,1077,1040,45,16,N
OUT00001830,WO000229,P027,PR06,L03,2026-07-02,1025,980,52,14,D
OUT00001831,WO000229,P027,PR07,L03,2026-07-03,979,938,45,9,N
OUT00001832,WO000229,P027,PR08,L03,2026-07-03,925,913,15,6,N
OUT00001833,WO000230,P007,PR01,L03,2026-07-02,1990,1951,51,22,N
OUT00001834,WO000230,P007,PR02,L03,2026-07-02,1928,1888,53,24,D
OUT00001835,WO000230,P007,PR03,L03,2026-07-02,1862,1848,15,3,D
OUT00001836,WO000230,P007,PR04,L03,2026-07-03,1831,1772,68,17,D
OUT00001837,WO000230,P007,PR05,L03,2026-07-03,1750,1680,79,18,N
OUT00001838,WO000230,P007,PR06,L03,2026-07-03,1677,1599,85,14,N
OUT00001839,WO000230,P007,PR07,L03,2026-07-04,1584,1522,72,19,N
OUT00001840,WO000230,P007,PR08,L03,2026-07-04,1506,1495,13,4,N
OUT00001841,WO000231,P023,PR01,L04,2026-07-02,801,783,21,6,D
OUT00001842,WO000231,P023,PR02,L04,2026-07-02,781,760,26,10,D
OUT00001843,WO000231,P023,PR03,L04,2026-07-02,756,747,10,2,N
OUT00001844,WO000231,P023,PR04,L04,2026-07-03,747,723,27,7,N
OUT00001845,WO000231,P023,PR05,L04,2026-07-03,722,693,36,13,N
OUT00001846,WO000231,P023,PR06,L04,2026-07-03,688,653,38,7,N
OUT00001847,WO000231,P023,PR07,L04,2026-07-04,652,621,33,5,D
OUT00001848,WO000231,P023,PR08,L04,2026-07-04,620,612,9,2,N
OUT00001849,WO000232,P005,PR01,L01,2026-07-02,1794,1768,30,9,D
OUT00001850,WO000232,P005,PR02,L01,2026-07-02,1761,1732,36,13,N
OUT00001851,WO000232,P005,PR03,L01,2026-07-02,1709,1703,7,3,D
OUT00001852,WO000232,P005,PR04,L01,2026-07-03,1703,1663,44,9,D
OUT00001853,WO000232,P005,PR05,L01,2026-07-03,1659,1612,57,19,D
OUT00001854,WO000232,P005,PR06,L01,2026-07-03,1602,1546,67,20,D
OUT00001855,WO000232,P005,PR07,L01,2026-07-04,1544,1497,60,24,D
OUT00001856,WO000232,P005,PR08,L01,2026-07-04,1490,1485,6,2,N
OUT00001857,WO000233,P002,PR01,L02,2026-07-02,1484,1457,33,11,N
OUT00001858,WO000233,P002,PR02,L02,2026-07-02,1442,1409,36,6,D
OUT00001859,WO000233,P002,PR03,L02,2026-07-02,1411,1402,10,2,D
OUT00001860,WO000233,P002,PR04,L02,2026-07-03,1383,1348,42,13,D
OUT00001861,WO000233,P002,PR05,L02,2026-07-03,1351,1312,49,19,D
OUT00001862,WO000233,P002,PR06,L02,2026-07-03,1298,1252,59,25,D
OUT00001863,WO000233,P002,PR07,L02,2026-07-04,1250,1200,54,9,D
OUT00001864,WO000233,P002,PR08,L02,2026-07-04,1201,1193,8,1,N
OUT00001865,WO000234,P008,PR01,L03,2026-07-02,1779,1745,38,9,N
OUT00001866,WO000234,P008,PR02,L03,2026-07-02,1738,1707,39,16,N
OUT00001867,WO000234,P008,PR03,L03,2026-07-02,1689,1678,14,6,N
OUT00001868,WO000234,P008,PR04,L03,2026-07-03,1682,1633,62,25,N
OUT00001869,WO000234,P008,PR05,L03,2026-07-03,1615,1560,64,18,D
OUT00001870,WO000234,P008,PR06,L03,2026-07-03,1540,1479,74,25,N
OUT00001871,WO000234,P008,PR07,L03,2026-07-04,1476,1419,68,21,N
OUT00001872,WO000234,P008,PR08,L03,2026-07-04,1404,1395,10,2,N
OUT00001873,WO000235,P017,PR01,L02,2026-07-02,595,585,11,2,D
OUT00001874,WO000235,P017,PR02,L02,2026-07-02,576,566,13,6,D
OUT00001875,WO000235,P017,PR03,L02,2026-07-02,566,561,5,1,N
OUT00001876,WO000235,P017,PR04,L02,2026-07-03,559,543,20,8,D
OUT00001877,WO000235,P017,PR05,L02,2026-07-03,539,517,24,5,D
OUT00001878,WO000235,P017,PR06,L02,2026-07-03,512,489,25,5,D
OUT00001879,WO000235,P017,PR07,L02,2026-07-04,484,465,22,7,D
OUT00001880,WO000235,P017,PR08,L02,2026-07-04,462,458,4,1,D
OUT00001881,WO000236,P015,PR01,L05,2026-07-03,996,981,18,6,D
OUT00001882,WO000236,P015,PR02,L05,2026-07-03,975,956,21,5,D
OUT00001883,WO000236,P015,PR03,L05,2026-07-03,956,952,4,1,N
OUT00001884,WO000236,P015,PR04,L05,2026-07-04,949,924,31,12,N
OUT00001885,WO000236,P015,PR05,L05,2026-07-04,910,881,38,17,D
OUT00001886,WO000236,P015,PR06,L05,2026-07-04,881,845,39,6,N
OUT00001887,WO000236,P015,PR07,L05,2026-07-05,845,812,38,10,D
OUT00001888,WO000236,P015,PR08,L05,2026-07-05,811,808,3,1,N
OUT00001889,WO000237,P023,PR01,L03,2026-07-03,1190,1172,21,6,D
OUT00001890,WO000237,P023,PR02,L03,2026-07-03,1154,1127,34,14,D
OUT00001891,WO000237,P023,PR03,L03,2026-07-03,1110,1101,9,1,N
OUT00001892,WO000237,P023,PR04,L03,2026-07-04,1086,1056,34,8,D
OUT00001893,WO000237,P023,PR05,L03,2026-07-04,1053,1012,48,13,N
OUT00001894,WO000237,P023,PR06,L03,2026-07-04,1010,960,54,8,N
OUT00001895,WO000237,P023,PR07,L03,2026-07-05,952,915,47,19,D
OUT00001896,WO000237,P023,PR08,L03,2026-07-05,907,901,7,2,D
OUT00001897,WO000238,P021,PR01,L05,2026-07-03,789,779,11,2,N
OUT00001898,WO000238,P021,PR02,L05,2026-07-03,778,763,16,3,D
OUT00001899,WO000238,P021,PR03,L05,2026-07-03,754,751,3,1,N
OUT00001900,WO000238,P021,PR04,L05,2026-07-04,750,727,26,6,D
OUT00001901,WO000238,P021,PR05,L05,2026-07-04,728,701,29,5,N
OUT00001902,WO000238,P021,PR06,L05,2026-07-04,696,665,34,7,N
OUT00001903,WO000238,P021,PR07,L05,2026-07-05,666,642,27,7,N
OUT00001904,WO000238,P021,PR08,L05,2026-07-05,636,633,4,2,N
OUT00001905,WO000239,P008,PR01,L01,2026-07-03,597,592,6,2,D
OUT00001906,WO000239,P008,PR02,L01,2026-07-03,589,581,9,2,N
OUT00001907,WO000239,P008,PR03,L01,2026-07-03,583,581,2,1,D
OUT00001908,WO000239,P008,PR04,L01,2026-07-04,575,559,18,4,N
OUT00001909,WO000239,P008,PR05,L01,2026-07-04,552,537,18,7,N
OUT00001910,WO000239,P008,PR06,L01,2026-07-04,533,511,24,5,D
OUT00001911,WO000239,P008,PR07,L01,2026-07-05,504,488,20,8,N
OUT00001912,WO000239,P008,PR08,L01,2026-07-05,482,480,2,1,D
OUT00001913,WO000240,P027,PR01,L03,2026-07-03,592,579,16,7,N
OUT00001914,WO000240,P027,PR02,L03,2026-07-03,575,564,12,3,D
OUT00001915,WO000240,P027,PR03,L03,2026-07-03,556,550,7,2,N
OUT00001916,WO000240,P027,PR04,L03,2026-07-04,544,528,18,4,D
OUT00001917,WO000240,P027,PR05,L03,2026-07-04,523,506,22,10,D
OUT00001918,WO000240,P027,PR06,L03,2026-07-04,507,487,24,8,N
OUT00001919,WO000240,P027,PR07,L03,2026-07-05,480,458,24,5,D
OUT00001920,WO000240,P027,PR08,L03,2026-07-05,453,450,3,1,D
OUT00001921,WO000241,P001,PR01,L01,2026-07-03,1003,990,15,4,N
OUT00001922,WO000241,P001,PR02,L01,2026-07-03,989,970,23,8,N
OUT00001923,WO000241,P001,PR03,L01,2026-07-03,970,966,4,1,N
OUT00001924,WO000241,P001,PR04,L01,2026-07-04,961,932,32,7,D
OUT00001925,WO000241,P001,PR05,L01,2026-07-04,920,893,31,9,D
OUT00001926,WO000241,P001,PR06,L01,2026-07-04,881,849,35,7,N
OUT00001927,WO000241,P001,PR07,L01,2026-07-05,837,808,36,14,D
OUT00001928,WO000241,P001,PR08,L01,2026-07-05,796,793,3,1,N
OUT00001929,WO000242,P006,PR01,L05,2026-07-04,1990,1967,26,6,D
OUT00001930,WO000242,P006,PR02,L05,2026-07-04,1951,1908,48,10,N
OUT00001931,WO000242,P006,PR03,L05,2026-07-04,1893,1884,11,4,N
OUT00001932,WO000242,P006,PR04,L05,2026-07-05,1889,1841,57,18,N
OUT00001933,WO000242,P006,PR05,L05,2026-07-05,1837,1772,78,25,N
OUT00001934,WO000242,P006,PR06,L05,2026-07-05,1755,1688,81,26,N
OUT00001935,WO000242,P006,PR07,L05,2026-07-06,1688,1630,69,20,D
OUT00001936,WO000242,P006,PR08,L05,2026-07-06,1607,1600,7,1,D
OUT00001937,WO000243,P017,PR01,L03,2026-07-04,1197,1174,29,11,D
OUT00001938,WO000243,P017,PR02,L03,2026-07-04,1164,1135,33,9,N
OUT00001939,WO000243,P017,PR03,L03,2026-07-04,1120,1109,13,4,N
OUT00001940,WO000243,P017,PR04,L03,2026-07-05,1101,1064,40,6,N
OUT00001941,WO000243,P017,PR05,L03,2026-07-05,1063,1026,48,20,D
OUT00001942,WO000243,P017,PR06,L03,2026-07-05,1013,969,56,22,N
OUT00001943,WO000243,P017,PR07,L03,2026-07-06,971,934,43,11,D
OUT00001944,WO000243,P017,PR08,L03,2026-07-06,925,917,9,2,D
OUT00001945,WO000244,P019,PR01,L04,2026-07-04,1998,1949,58,17,N
OUT00001946,WO000244,P019,PR02,L04,2026-07-04,1949,1906,56,24,D
OUT00001947,WO000244,P019,PR03,L04,2026-07-04,1895,1869,32,12,D
OUT00001948,WO000244,P019,PR04,L04,2026-07-05,1841,1780,68,14,N
OUT00001949,WO000244,P019,PR05,L04,2026-07-05,1767,1706,75,26,N
OUT00001950,WO000244,P019,PR06,L04,2026-07-05,1683,1606,99,40,N
OUT00001951,WO000244,P019,PR07,L04,2026-07-06,1587,1518,81,22,D
OUT00001952,WO000244,P019,PR08,L04,2026-07-06,1519,1494,29,8,N
OUT00001953,WO000245,P013,PR01,L03,2026-07-04,1506,1474,37,10,D
OUT00001954,WO000245,P013,PR02,L03,2026-07-04,1453,1413,43,7,D
OUT00001955,WO000245,P013,PR03,L03,2026-07-04,1404,1397,9,4,N
OUT00001956,WO000245,P013,PR04,L03,2026-07-05,1396,1353,48,10,D
OUT00001957,WO000245,P013,PR05,L03,2026-07-05,1346,1289,62,10,N
OUT00001958,WO000245,P013,PR06,L03,2026-07-05,1282,1232,61,20,N
OUT00001959,WO000245,P013,PR07,L03,2026-07-06,1223,1171,58,11,D
OUT00001960,WO000245,P013,PR08,L03,2026-07-06,1164,1153,13,4,N
OUT00001961,WO000246,P016,PR01,L03,2026-07-04,599,587,15,6,D
OUT00001962,WO000246,P016,PR02,L03,2026-07-04,581,566,16,3,N
OUT00001963,WO000246,P016,PR03,L03,2026-07-04,558,551,9,4,N
OUT00001964,WO000246,P016,PR04,L03,2026-07-05,546,526,22,4,N
OUT00001965,WO000246,P016,PR05,L03,2026-07-05,518,500,22,8,D
OUT00001966,WO000246,P016,PR06,L03,2026-07-05,497,472,27,5,N
OUT00001967,WO000246,P016,PR07,L03,2026-07-06,467,448,22,7,N
OUT00001968,WO000246,P016,PR08,L03,2026-07-06,445,440,5,1,N
OUT00001969,WO000247,P008,PR01,L04,2026-07-04,1505,1469,46,19,N
OUT00001970,WO000247,P008,PR02,L04,2026-07-04,1461,1425,39,7,N
OUT00001971,WO000247,P008,PR03,L04,2026-07-04,1418,1399,23,9,D
OUT00001972,WO000247,P008,PR04,L04,2026-07-05,1398,1347,57,12,D
OUT00001973,WO000247,P008,PR05,L04,2026-07-05,1344,1288,61,10,N
OUT00001974,WO000247,P008,PR06,L04,2026-07-05,1271,1210,74,25,D
OUT00001975,WO000247,P008,PR07,L04,2026-07-06,1199,1150,58,18,N
OUT00001976,WO000247,P008,PR08,L04,2026-07-06,1137,1119,21,6,N
OUT00001977,WO000248,P011,PR01,L05,2026-07-04,987,968,21,4,N
OUT00001978,WO000248,P011,PR02,L05,2026-07-04,959,942,20,7,D
OUT00001979,WO000248,P011,PR03,L05,2026-07-04,940,936,4,1,D
OUT00001980,WO000248,P011,PR04,L05,2026-07-05,939,912,33,11,D
OUT00001981,WO000248,P011,PR05,L05,2026-07-05,913,883,35,10,N
OUT00001982,WO000248,P011,PR06,L05,2026-07-05,879,845,42,16,N
OUT00001983,WO000248,P011,PR07,L05,2026-07-06,845,818,32,10,N
OUT00001984,WO000248,P011,PR08,L05,2026-07-06,810,805,5,1,D
OUT00001985,WO000249,P009,PR01,L04,2026-07-04,2003,1963,51,21,N
OUT00001986,WO000249,P009,PR02,L04,2026-07-04,1949,1888,68,13,D
OUT00001987,WO000249,P009,PR03,L04,2026-07-04,1895,1867,32,8,D
OUT00001988,WO000249,P009,PR04,L04,2026-07-05,1874,1809,84,35,N
OUT00001989,WO000249,P009,PR05,L04,2026-07-05,1785,1715,76,12,D
OUT00001990,WO000249,P009,PR06,L04,2026-07-05,1706,1627,96,31,N
OUT00001991,WO000249,P009,PR07,L04,2026-07-06,1632,1556,89,24,D
OUT00001992,WO000249,P009,PR08,L04,2026-07-06,1539,1521,20,4,D
OUT00001993,WO000250,P012,PR01,L02,2026-07-04,992,978,16,4,N
OUT00001994,WO000250,P012,PR02,L02,2026-07-04,982,961,24,6,D
OUT00001995,WO000250,P012,PR03,L02,2026-07-04,951,943,10,4,N
OUT00001996,WO000250,P012,PR04,L02,2026-07-05,929,898,35,8,D
OUT00001997,WO000250,P012,PR05,L02,2026-07-05,889,858,36,10,N
OUT00001998,WO000250,P012,PR06,L02,2026-07-05,855,821,42,16,D
OUT00001999,WO000250,P012,PR07,L02,2026-07-06,819,789,33,7,D
OUT00002000,WO000250,P012,PR08,L02,2026-07-06,778,775,4,2,N
OUT00002001,WO000251,P013,PR01,L01,2026-07-04,1187,1175,15,7,D
OUT00002002,WO000251,P013,PR02,L01,2026-07-04,1175,1156,21,4,D
OUT00002003,WO000251,P013,PR03,L01,2026-07-04,1142,1135,7,1,D
OUT00002004,WO000251,P013,PR04,L01,2026-07-05,1121,1093,34,12,N
OUT00002005,WO000251,P013,PR05,L01,2026-07-05,1096,1067,34,10,D
OUT00002006,WO000251,P013,PR06,L01,2026-07-05,1065,1025,44,8,N
OUT00002007,WO000251,P013,PR07,L01,2026-07-06,1028,996,39,13,N
OUT00002008,WO000251,P013,PR08,L01,2026-07-06,995,992,4,2,N
OUT00002009,WO000252,P028,PR01,L03,2026-07-05,995,978,20,7,D
OUT00002010,WO000252,P028,PR02,L03,2026-07-05,964,943,24,6,N
OUT00002011,WO000252,P028,PR03,L03,2026-07-05,940,934,7,3,N
OUT00002012,WO000252,P028,PR04,L03,2026-07-06,935,911,31,13,N
OUT00002013,WO000252,P028,PR05,L03,2026-07-06,906,869,41,8,D
OUT00002014,WO000252,P028,PR06,L03,2026-07-06,862,818,48,8,N
OUT00002015,WO000252,P028,PR07,L03,2026-07-07,820,788,40,15,D
OUT00002016,WO000252,P028,PR08,L03,2026-07-07,782,773,10,3,N
OUT00002017,WO000253,P018,PR01,L02,2026-07-05,600,591,11,5,D
OUT00002018,WO000253,P018,PR02,L02,2026-07-05,584,572,15,6,N
OUT00002019,WO000253,P018,PR03,L02,2026-07-05,572,570,2,0,N
OUT00002020,WO000253,P018,PR04,L02,2026-07-06,562,544,20,5,N
OUT00002021,WO000253,P018,PR05,L02,2026-07-06,538,517,23,5,D
OUT00002022,WO000253,P018,PR06,L02,2026-07-06,513,491,27,10,D
OUT00002023,WO000253,P018,PR07,L02,2026-07-07,493,476,21,9,D
OUT00002024,WO000253,P018,PR08,L02,2026-07-07,472,470,2,1,N
OUT00002025,WO000254,P013,PR01,L02,2026-07-05,593,581,13,2,D
OUT00002026,WO000254,P013,PR02,L02,2026-07-05,573,562,12,3,D
OUT00002027,WO000254,P013,PR03,L02,2026-07-05,559,553,7,2,N
OUT00002028,WO000254,P013,PR04,L02,2026-07-06,550,535,17,5,N
OUT00002029,WO000254,P013,PR05,L02,2026-07-06,532,512,23,7,N
OUT00002030,WO000254,P013,PR06,L02,2026-07-06,514,491,27,9,N
OUT00002031,WO000254,P013,PR07,L02,2026-07-07,487,469,19,3,N
OUT00002032,WO000254,P013,PR08,L02,2026-07-07,468,463,5,1,N
OUT00002033,WO000255,P012,PR01,L01,2026-07-05,1182,1164,20,5,D
OUT00002034,WO000255,P012,PR02,L01,2026-07-05,1148,1134,17,6,N
OUT00002035,WO000255,P012,PR03,L01,2026-07-05,1129,1125,5,2,N
OUT00002036,WO000255,P012,PR04,L01,2026-07-06,1127,1100,35,16,N
OUT00002037,WO000255,P012,PR05,L01,2026-07-06,1093,1056,41,8,D
OUT00002038,WO000255,P012,PR06,L01,2026-07-06,1058,1016,53,21,N
OUT00002039,WO000255,P012,PR07,L01,2026-07-07,1004,966,44,11,D
OUT00002040,WO000255,P012,PR08,L01,2026-07-07,966,963,4,2,N
OUT00002041,WO000256,P023,PR01,L01,2026-07-05,591,586,6,2,N
OUT00002042,WO000256,P023,PR02,L01,2026-07-05,577,570,9,4,N
OUT00002043,WO000256,P023,PR03,L01,2026-07-05,561,558,3,1,D
OUT00002044,WO000256,P023,PR04,L01,2026-07-06,556,541,17,4,N
OUT00002045,WO000256,P023,PR05,L01,2026-07-06,533,518,18,7,D
OUT00002046,WO000256,P023,PR06,L01,2026-07-06,512,493,24,10,D
OUT00002047,WO000256,P023,PR07,L01,2026-07-07,493,476,22,10,D
OUT00002048,WO000256,P023,PR08,L01,2026-07-07,468,466,2,0,N
OUT00002049,WO000257,P017,PR01,L05,2026-07-05,798,787,13,4,N
OUT00002050,WO000257,P017,PR02,L05,2026-07-05,790,778,13,2,N
OUT00002051,WO000257,P017,PR03,L05,2026-07-05,775,772,4,2,D
OUT00002052,WO000257,P017,PR04,L05,2026-07-06,767,748,22,7,D
OUT00002053,WO000257,P017,PR05,L05,2026-07-06,740,717,26,7,N
OUT00002054,WO000257,P017,PR06,L05,2026-07-06,711,687,30,11,N
OUT00002055,WO000257,P017,PR07,L05,2026-07-07,682,659,30,13,D
OUT00002056,WO000257,P017,PR08,L05,2026-07-07,653,647,7,3,N
OUT00002057,WO000258,P024,PR01,L04,2026-07-05,1191,1166,28,6,N
OUT00002058,WO000258,P024,PR02,L04,2026-07-05,1167,1137,38,15,N
OUT00002059,WO000258,P024,PR03,L04,2026-07-05,1140,1126,16,5,D
OUT00002060,WO000258,P024,PR04,L04,2026-07-06,1121,1075,50,8,N
OUT00002061,WO000258,P024,PR05,L04,2026-07-06,1065,1022,47,8,N
OUT00002062,WO000258,P024,PR06,L04,2026-07-06,1025,981,52,16,D
OUT00002063,WO000258,P024,PR07,L04,2026-07-07,976,936,46,12,N
OUT00002064,WO000258,P024,PR08,L04,2026-07-07,934,925,10,2,D
OUT00002065,WO000259,P017,PR01,L02,2026-07-05,1482,1462,24,9,D
OUT00002066,WO000259,P017,PR02,L02,2026-07-05,1463,1437,33,14,D
OUT00002067,WO000259,P017,PR03,L02,2026-07-05,1415,1404,12,3,N
OUT00002068,WO000259,P017,PR04,L02,2026-07-06,1395,1355,50,19,N
OUT00002069,WO000259,P017,PR05,L02,2026-07-06,1346,1305,53,22,N
OUT00002070,WO000259,P017,PR06,L02,2026-07-06,1310,1263,58,21,D
OUT00002071,WO000259,P017,PR07,L02,2026-07-07,1261,1210,61,19,N
OUT00002072,WO000259,P017,PR08,L02,2026-07-07,1205,1197,9,2,N
OUT00002073,WO000260,P019,PR01,L01,2026-07-06,1506,1486,23,6,D
OUT00002074,WO000260,P019,PR02,L01,2026-07-06,1464,1436,31,6,N
OUT00002075,WO000260,P019,PR03,L01,2026-07-06,1438,1428,11,3,N
OUT00002076,WO000260,P019,PR04,L01,2026-07-07,1425,1391,42,15,D
OUT00002077,WO000260,P019,PR05,L01,2026-07-07,1394,1358,44,16,N
OUT00002078,WO000260,P019,PR06,L01,2026-07-07,1348,1297,64,24,D
OUT00002079,WO000260,P019,PR07,L01,2026-07-08,1281,1236,57,23,N
OUT00002080,WO000260,P019,PR08,L01,2026-07-08,1238,1233,6,2,D
OUT00002081,WO000261,P012,PR01,L05,2026-07-06,1487,1466,25,9,D
OUT00002082,WO000261,P012,PR02,L05,2026-07-06,1449,1418,34,6,N
OUT00002083,WO000261,P012,PR03,L05,2026-07-06,1417,1411,7,2,D
OUT00002084,WO000261,P012,PR04,L05,2026-07-07,1412,1380,37,10,N
OUT00002085,WO000261,P012,PR05,L05,2026-07-07,1374,1331,50,14,N
OUT00002086,WO000261,P012,PR06,L05,2026-07-07,1314,1259,66,21,N
OUT00002087,WO000261,P012,PR07,L05,2026-07-08,1256,1209,53,12,N
OUT00002088,WO000261,P012,PR08,L05,2026-07-08,1214,1210,5,2,N
OUT00002089,WO000262,P010,PR01,L02,2026-07-06,1777,1758,25,11,N
OUT00002090,WO000262,P010,PR02,L02,2026-07-06,1744,1712,40,16,N
OUT00002091,WO000262,P010,PR03,L02,2026-07-06,1704,1693,12,3,N
OUT00002092,WO000262,P010,PR04,L02,2026-07-07,1689,1640,53,9,D
OUT00002093,WO000262,P010,PR05,L02,2026-07-07,1630,1581,61,22,D
OUT00002094,WO000262,P010,PR06,L02,2026-07-07,1557,1492,81,30,D
OUT00002095,WO000262,P010,PR07,L02,2026-07-08,1488,1428,71,21,D
OUT00002096,WO000262,P010,PR08,L02,2026-07-08,1418,1408,12,4,N
OUT00002097,WO000263,P007,PR01,L04,2026-07-06,1203,1180,26,7,D
OUT00002098,WO000263,P007,PR02,L04,2026-07-06,1171,1136,39,9,N
OUT00002099,WO000263,P007,PR03,L04,2026-07-06,1132,1120,15,6,D
OUT00002100,WO000263,P007,PR04,L04,2026-07-07,1117,1083,40,12,N
OUT00002101,WO000263,P007,PR05,L04,2026-07-07,1074,1028,55,18,D
OUT00002102,WO000263,P007,PR06,L04,2026-07-07,1027,978,61,23,N
OUT00002103,WO000263,P007,PR07,L04,2026-07-08,965,928,46,17,D
OUT00002104,WO000263,P007,PR08,L04,2026-07-08,927,915,13,3,N
OUT00002105,WO000264,P013,PR01,L05,2026-07-06,995,980,18,6,D
OUT00002106,WO000264,P013,PR02,L05,2026-07-06,971,952,22,7,D
OUT00002107,WO000264,P013,PR03,L05,2026-07-06,950,945,6,2,N
OUT00002108,WO000264,P013,PR04,L05,2026-07-07,939,919,25,10,N
OUT00002109,WO000264,P013,PR05,L05,2026-07-07,922,893,33,8,N
OUT00002110,WO000264,P013,PR06,L05,2026-07-07,891,856,44,18,N
OUT00002111,WO000264,P013,PR07,L05,2026-07-08,859,827,39,14,D
OUT00002112,WO000264,P013,PR08,L05,2026-07-08,822,814,9,3,N
OUT00002113,WO000265,P012,PR01,L01,2026-07-06,1186,1168,21,7,N
OUT00002114,WO000265,P012,PR02,L01,2026-07-06,1154,1133,25,9,D
OUT00002115,WO000265,P012,PR03,L01,2026-07-06,1132,1126,6,1,N
OUT00002116,WO000265,P012,PR04,L01,2026-07-07,1122,1098,28,8,N
OUT00002117,WO000265,P012,PR05,L01,2026-07-07,1103,1073,36,11,D
OUT00002118,WO000265,P012,PR06,L01,2026-07-07,1070,1031,51,22,N
OUT00002119,WO000265,P012,PR07,L01,2026-07-08,1021,990,37,11,D
OUT00002120,WO000265,P012,PR08,L01,2026-07-08,982,978,4,1,D
OUT00002121,WO000266,P018,PR01,L02,2026-07-06,1499,1479,23,6,N
OUT00002122,WO000266,P018,PR02,L02,2026-07-06,1459,1429,37,13,N
OUT00002123,WO000266,P018,PR03,L02,2026-07-06,1431,1426,6,2,N
OUT00002124,WO000266,P018,PR04,L02,2026-07-07,1419,1385,41,13,D
OUT00002125,WO000266,P018,PR05,L02,2026-07-07,1388,1341,54,13,N
OUT00002126,WO000266,P018,PR06,L02,2026-07-07,1329,1273,70,27,D
OUT00002127,WO000266,P018,PR07,L02,2026-07-08,1279,1234,57,23,N
OUT00002128,WO000266,P018,PR08,L02,2026-07-08,1226,1218,9,3,D
OUT00002129,WO000267,P019,PR01,L01,2026-07-06,599,592,8,3,N
OUT00002130,WO000267,P019,PR02,L01,2026-07-06,585,577,10,4,D
OUT00002131,WO000267,P019,PR03,L01,2026-07-06,576,574,2,1,D
OUT00002132,WO000267,P019,PR04,L01,2026-07-07,568,552,18,4,N
OUT00002133,WO000267,P019,PR05,L01,2026-07-07,549,531,22,8,N
OUT00002134,WO000267,P019,PR06,L01,2026-07-07,526,506,22,4,D
OUT00002135,WO000267,P019,PR07,L01,2026-07-08,499,479,22,4,D
OUT00002136,WO000267,P019,PR08,L01,2026-07-08,477,474,3,1,D
OUT00002137,WO000268,P011,PR01,L04,2026-07-06,599,585,15,2,D
OUT00002138,WO000268,P011,PR02,L04,2026-07-06,578,564,17,6,D
OUT00002139,WO000268,P011,PR03,L04,2026-07-06,565,557,9,3,D
OUT00002140,WO000268,P011,PR04,L04,2026-07-07,556,539,20,7,D
OUT00002141,WO000268,P011,PR05,L04,2026-07-07,539,520,23,8,N
OUT00002142,WO000268,P011,PR06,L04,2026-07-07,514,486,31,6,N
OUT00002143,WO000268,P011,PR07,L04,2026-07-08,481,464,22,10,N
OUT00002144,WO000268,P011,PR08,L04,2026-07-08,462,454,9,3,N
OUT00002145,WO000269,P009,PR01,L02,2026-07-06,1971,1945,33,14,N
OUT00002146,WO000269,P009,PR02,L02,2026-07-06,1939,1902,48,21,N
OUT00002147,WO000269,P009,PR03,L02,2026-07-06,1908,1901,8,2,D
OUT00002148,WO000269,P009,PR04,L02,2026-07-07,1894,1843,60,17,N
OUT00002149,WO000269,P009,PR05,L02,2026-07-07,1845,1791,66,22,D
OUT00002150,WO000269,P009,PR06,L02,2026-07-07,1797,1729,84,30,D
OUT00002151,WO000269,P009,PR07,L02,2026-07-08,1716,1659,69,23,N
OUT00002152,WO000269,P009,PR08,L02,2026-07-08,1660,1653,7,1,D
OUT00002153,WO000270,P005,PR01,L04,2026-07-07,1501,1463,41,7,D
OUT00002154,WO000270,P005,PR02,L04,2026-07-07,1464,1431,41,16,N
OUT00002155,WO000270,P005,PR03,L04,2026-07-07,1422,1408,16,4,N
OUT00002156,WO000270,P005,PR04,L04,2026-07-08,1401,1358,54,20,N
OUT00002157,WO000270,P005,PR05,L04,2026-07-08,1356,1298,69,20,N
OUT00002158,WO000270,P005,PR06,L04,2026-07-08,1298,1241,68,21,D
OUT00002159,WO000270,P005,PR07,L04,2026-07-09,1224,1173,61,19,D
OUT00002160,WO000270,P005,PR08,L04,2026-07-09,1166,1151,18,7,D
OUT00002161,WO000271,P024,PR01,L03,2026-07-07,596,583,14,3,D
OUT00002162,WO000271,P024,PR02,L03,2026-07-07,575,561,17,6,N
OUT00002163,WO000271,P024,PR03,L03,2026-07-07,559,555,5,2,D
OUT00002164,WO000271,P024,PR04,L03,2026-07-08,556,541,18,6,D
OUT00002165,WO000271,P024,PR05,L03,2026-07-08,539,520,21,4,D
OUT00002166,WO000271,P024,PR06,L03,2026-07-08,515,496,25,11,D
OUT00002167,WO000271,P024,PR07,L03,2026-07-09,497,480,21,9,N
OUT00002168,WO000271,P024,PR08,L03,2026-07-09,482,475,7,1,D
OUT00002169,WO000272,P012,PR01,L01,2026-07-07,1792,1767,31,12,D
OUT00002170,WO000272,P012,PR02,L01,2026-07-07,1746,1717,36,14,N
OUT00002171,WO000272,P012,PR03,L01,2026-07-07,1713,1706,7,1,D
OUT00002172,WO000272,P012,PR04,L01,2026-07-08,1712,1669,56,24,N
OUT00002173,WO000272,P012,PR05,L01,2026-07-08,1671,1621,55,10,D
OUT00002174,WO000272,P012,PR06,L01,2026-07-08,1608,1547,74,25,D
OUT00002175,WO000272,P012,PR07,L01,2026-07-09,1524,1477,61,27,D
OUT00002176,WO000272,P012,PR08,L01,2026-07-09,1465,1459,6,1,N
OUT00002177,WO000273,P006,PR01,L04,2026-07-07,1487,1453,42,15,N
OUT00002178,WO000273,P006,PR02,L04,2026-07-07,1450,1413,49,22,N
OUT00002179,WO000273,P006,PR03,L04,2026-07-07,1417,1405,14,5,N
OUT00002180,WO000273,P006,PR04,L04,2026-07-08,1411,1369,50,16,D
OUT00002181,WO000273,P006,PR05,L04,2026-07-08,1373,1321,61,18,N
OUT00002182,WO000273,P006,PR06,L04,2026-07-08,1305,1247,73,28,D
OUT00002183,WO000273,P006,PR07,L04,2026-07-09,1245,1192,60,13,N
OUT00002184,WO000273,P006,PR08,L04,2026-07-09,1186,1176,12,4,D
OUT00002185,WO000274,P022,PR01,L02,2026-07-07,1004,986,21,7,D
OUT00002186,WO000274,P022,PR02,L02,2026-07-07,979,963,20,8,D
OUT00002187,WO000274,P022,PR03,L02,2026-07-07,961,951,12,4,D
OUT00002188,WO000274,P022,PR04,L02,2026-07-08,946,917,32,7,N
OUT00002189,WO000274,P022,PR05,L02,2026-07-08,905,874,39,15,N
OUT00002190,WO000274,P022,PR06,L02,2026-07-08,874,836,45,13,D
OUT00002191,WO000274,P022,PR07,L02,2026-07-09,826,799,33,11,N
OUT00002192,WO000274,P022,PR08,L02,2026-07-09,794,791,3,1,N
OUT00002193,WO000275,P003,PR01,L02,2026-07-07,1496,1468,31,6,D
OUT00002194,WO000275,P003,PR02,L02,2026-07-07,1452,1429,27,8,D
OUT00002195,WO000275,P003,PR03,L02,2026-07-07,1427,1418,10,3,D
OUT00002196,WO000275,P003,PR04,L02,2026-07-08,1409,1370,48,17,N
OUT00002197,WO000275,P003,PR05,L02,2026-07-08,1363,1315,56,16,D
OUT00002198,WO000275,P003,PR06,L02,2026-07-08,1318,1268,63,25,D
OUT00002199,WO000275,P003,PR07,L02,2026-07-09,1266,1220,58,22,D
OUT00002200,WO000275,P003,PR08,L02,2026-07-09,1206,1200,7,2,N
OUT00002201,WO000276,P016,PR01,L02,2026-07-07,795,782,14,2,D
OUT00002202,WO000276,P016,PR02,L02,2026-07-07,783,764,22,7,D
OUT00002203,WO000276,P016,PR03,L02,2026-07-07,761,756,5,1,D
OUT00002204,WO000276,P016,PR04,L02,2026-07-08,745,723,27,10,D
OUT00002205,WO000276,P016,PR05,L02,2026-07-08,717,689,31,6,N
OUT00002206,WO000276,P016,PR06,L02,2026-07-08,690,660,35,10,N
OUT00002207,WO000276,P016,PR07,L02,2026-07-09,653,629,28,8,N
OUT00002208,WO000276,P016,PR08,L02,2026-07-09,624,621,3,1,D
OUT00002209,WO000277,P027,PR01,L04,2026-07-07,1492,1463,32,7,D
OUT00002210,WO000277,P027,PR02,L04,2026-07-07,1467,1433,43,17,N
OUT00002211,WO000277,P027,PR03,L04,2026-07-07,1416,1395,24,7,D
OUT00002212,WO000277,P027,PR04,L04,2026-07-08,1398,1340,63,10,N
OUT00002213,WO000277,P027,PR05,L04,2026-07-08,1329,1268,68,14,N
OUT00002214,WO000277,P027,PR06,L04,2026-07-08,1266,1211,70,28,D
OUT00002215,WO000277,P027,PR07,L04,2026-07-09,1216,1167,63,26,N
OUT00002216,WO000277,P027,PR08,L04,2026-07-09,1159,1142,20,7,N
OUT00002217,WO000278,P007,PR01,L01,2026-07-07,593,585,9,2,N
OUT00002218,WO000278,P007,PR02,L01,2026-07-07,583,572,12,2,N
OUT00002219,WO000278,P007,PR03,L01,2026-07-07,565,563,2,1,D
OUT00002220,WO000278,P007,PR04,L01,2026-07-08,564,549,16,3,D
OUT00002221,WO000278,P007,PR05,L01,2026-07-08,551,536,19,8,D
OUT00002222,WO000278,P007,PR06,L01,2026-07-08,531,511,24,9,N
OUT00002223,WO000278,P007,PR07,L01,2026-07-09,506,490,19,7,D
OUT00002224,WO000278,P007,PR08,L01,2026-07-09,489,485,4,1,N
OUT00002225,WO000279,P014,PR01,L04,2026-07-08,1504,1478,33,13,N
OUT00002226,WO000279,P014,PR02,L04,2026-07-08,1459,1414,50,10,D
OUT00002227,WO000279,P014,PR03,L04,2026-07-08,1420,1400,23,6,N
OUT00002228,WO000279,P014,PR04,L04,2026-07-09,1389,1342,55,15,N
OUT00002229,WO000279,P014,PR05,L04,2026-07-09,1335,1281,65,21,D
OUT00002230,WO000279,P014,PR06,L04,2026-07-09,1267,1203,72,16,N
OUT00002231,WO000279,P014,PR07,L04,2026-07-10,1205,1156,61,23,N
OUT00002232,WO000279,P014,PR08,L04,2026-07-10,1153,1134,22,7,D
OUT00002233,WO000280,P026,PR01,L05,2026-07-08,798,789,10,2,N
OUT00002234,WO000280,P026,PR02,L05,2026-07-08,789,776,15,4,N
OUT00002235,WO000280,P026,PR03,L05,2026-07-08,774,767,7,1,N
OUT00002236,WO000280,P026,PR04,L05,2026-07-09,760,741,23,9,N
OUT00002237,WO000280,P026,PR05,L05,2026-07-09,742,720,27,10,N
OUT00002238,WO000280,P026,PR06,L05,2026-07-09,712,684,31,6,D
OUT00002239,WO000280,P026,PR07,L05,2026-07-10,682,658,27,6,D
OUT00002240,WO000280,P026,PR08,L05,2026-07-10,659,654,5,1,D
OUT00002241,WO000281,P018,PR01,L01,2026-07-08,1195,1184,14,6,N
OUT00002242,WO000281,P018,PR02,L01,2026-07-08,1179,1162,18,3,N
OUT00002243,WO000281,P018,PR03,L01,2026-07-08,1158,1150,10,4,D
OUT00002244,WO000281,P018,PR04,L01,2026-07-09,1150,1121,37,16,D
OUT00002245,WO000281,P018,PR05,L01,2026-07-09,1119,1086,37,8,D
OUT00002246,WO000281,P018,PR06,L01,2026-07-09,1087,1051,45,18,D
OUT00002247,WO000281,P018,PR07,L01,2026-07-10,1053,1016,44,14,N
OUT00002248,WO000281,P018,PR08,L01,2026-07-10,1001,997,4,1,N
OUT00002249,WO000282,P010,PR01,L03,2026-07-08,792,776,19,6,D
OUT00002250,WO000282,P010,PR02,L03,2026-07-08,764,748,20,9,N
OUT00002251,WO000282,P010,PR03,L03,2026-07-08,743,737,6,1,D
OUT00002252,WO000282,P010,PR04,L03,2026-07-09,737,713,30,11,N
OUT00002253,WO000282,P010,PR05,L03,2026-07-09,714,687,29,5,D
OUT00002254,WO000282,P010,PR06,L03,2026-07-09,678,645,36,7,N
OUT00002255,WO000282,P010,PR07,L03,2026-07-10,644,622,28,11,N
OUT00002256,WO000282,P010,PR08,L03,2026-07-10,617,609,9,2,N
OUT00002257,WO000283,P028,PR01,L04,2026-07-08,1773,1723,54,8,D
OUT00002258,WO000283,P028,PR02,L04,2026-07-08,1720,1686,44,19,N
OUT00002259,WO000283,P028,PR03,L04,2026-07-08,1676,1652,28,8,D
OUT00002260,WO000283,P028,PR04,L04,2026-07-09,1638,1592,60,26,D
OUT00002261,WO000283,P028,PR05,L04,2026-07-09,1588,1530,69,20,N
OUT00002262,WO000283,P028,PR06,L04,2026-07-09,1526,1451,87,23,N
OUT00002263,WO000283,P028,PR07,L04,2026-07-10,1457,1402,70,28,D
OUT00002264,WO000283,P028,PR08,L04,2026-07-10,1402,1380,27,10,D
OUT00002265,WO000284,P026,PR01,L01,2026-07-08,990,979,12,3,D
OUT00002266,WO000284,P026,PR02,L01,2026-07-08,978,963,19,8,N
OUT00002267,WO000284,P026,PR03,L01,2026-07-08,952,948,4,1,D
OUT00002268,WO000284,P026,PR04,L01,2026-07-09,941,914,30,7,N
OUT00002269,WO000284,P026,PR05,L01,2026-07-09,903,875,30,5,D
OUT00002270,WO000284,P026,PR06,L01,2026-07-09,878,844,41,13,N
OUT00002271,WO000284,P026,PR07,L01,2026-07-10,838,809,31,5,N
OUT00002272,WO000284,P026,PR08,L01,2026-07-10,807,804,3,1,N
OUT00002273,WO000285,P006,PR01,L02,2026-07-08,2001,1974,30,7,D
OUT00002274,WO000285,P006,PR02,L02,2026-07-08,1963,1915,55,14,D
OUT00002275,WO000285,P006,PR03,L02,2026-07-08,1902,1890,13,3,D
OUT00002276,WO000285,P006,PR04,L02,2026-07-09,1892,1846,57,20,N
OUT00002277,WO000285,P006,PR05,L02,2026-07-09,1823,1762,76,29,N
OUT00002278,WO000285,P006,PR06,L02,2026-07-09,1768,1688,90,19,N
OUT00002279,WO000285,P006,PR07,L02,2026-07-10,1687,1630,72,28,N
OUT00002280,WO000285,P006,PR08,L02,2026-07-10,1626,1616,12,4,D
OUT00002281,WO000286,P004,PR01,L03,2026-07-08,999,981,22,9,D
OUT00002282,WO000286,P004,PR02,L03,2026-07-08,970,947,26,6,D
OUT00002283,WO000286,P004,PR03,L03,2026-07-08,948,939,10,2,N
OUT00002284,WO000286,P004,PR04,L03,2026-07-09,927,897,37,14,N
OUT00002285,WO000286,P004,PR05,L03,2026-07-09,898,866,42,19,N
OUT00002286,WO000286,P004,PR06,L03,2026-07-09,862,823,44,10,D
OUT00002287,WO000286,P004,PR07,L03,2026-07-10,814,782,37,10,N
OUT00002288,WO000286,P004,PR08,L03,2026-07-10,780,770,11,3,D
OUT00002289,WO000287,P020,PR01,L04,2026-07-08,995,973,29,13,D
OUT00002290,WO000287,P020,PR02,L04,2026-07-08,967,942,28,6,D
OUT00002291,WO000287,P020,PR03,L04,2026-07-08,929,914,18,6,D
OUT00002292,WO000287,P020,PR04,L04,2026-07-09,907,875,40,16,N
OUT00002293,WO000287,P020,PR05,L04,2026-07-09,872,835,42,10,N
OUT00002294,WO000287,P020,PR06,L04,2026-07-09,838,801,44,14,N
OUT00002295,WO000287,P020,PR07,L04,2026-07-10,803,763,43,7,D
OUT00002296,WO000287,P020,PR08,L04,2026-07-10,761,751,11,2,D
OUT00002297,WO000288,P028,PR01,L01,2026-07-09,1788,1772,19,6,D
OUT00002298,WO000288,P028,PR02,L01,2026-07-09,1770,1747,30,13,N
OUT00002299,WO000288,P028,PR03,L01,2026-07-09,1734,1726,8,1,N
OUT00002300,WO000288,P028,PR04,L01,2026-07-10,1734,1694,49,18,N
OUT00002301,WO000288,P028,PR05,L01,2026-07-10,1685,1626,67,16,D
OUT00002302,WO000288,P028,PR06,L01,2026-07-10,1624,1567,66,18,N
OUT00002303,WO000288,P028,PR07,L01,2026-07-11,1544,1486,65,14,D
OUT00002304,WO000288,P028,PR08,L01,2026-07-11,1467,1462,6,2,N
OUT00002305,WO000289,P010,PR01,L01,2026-07-09,794,784,11,2,N
OUT00002306,WO000289,P010,PR02,L01,2026-07-09,773,761,13,3,D
OUT00002307,WO000289,P010,PR03,L01,2026-07-09,763,760,3,1,D
OUT00002308,WO000289,P010,PR04,L01,2026-07-10,749,729,23,7,N
OUT00002309,WO000289,P010,PR05,L01,2026-07-10,724,698,28,5,N
OUT00002310,WO000289,P010,PR06,L01,2026-07-10,693,665,32,9,D
OUT00002311,WO000289,P010,PR07,L01,2026-07-11,665,644,27,11,D
OUT00002312,WO000289,P010,PR08,L01,2026-07-11,635,632,3,1,N
OUT00002313,WO000290,P014,PR01,L02,2026-07-09,1803,1769,38,8,D
OUT00002314,WO000290,P014,PR02,L02,2026-07-09,1766,1732,43,18,N
OUT00002315,WO000290,P014,PR03,L02,2026-07-09,1731,1724,7,1,N
OUT00002316,WO000290,P014,PR04,L02,2026-07-10,1724,1665,64,10,N
OUT00002317,WO000290,P014,PR05,L02,2026-07-10,1664,1607,71,26,N
OUT00002318,WO000290,P014,PR06,L02,2026-07-10,1600,1525,83,16,D
OUT00002319,WO000290,P014,PR07,L02,2026-07-11,1508,1459,62,24,D
OUT00002320,WO000290,P014,PR08,L02,2026-07-11,1462,1455,8,3,D
OUT00002321,WO000291,P023,PR01,L05,2026-07-09,991,973,20,5,D
OUT00002322,WO000291,P023,PR02,L05,2026-07-09,961,945,19,7,D
OUT00002323,WO000291,P023,PR03,L05,2026-07-09,936,933,4,2,D
OUT00002324,WO000291,P023,PR04,L05,2026-07-10,935,910,31,12,D
OUT00002325,WO000291,P023,PR05,L05,2026-07-10,909,880,36,13,D
OUT00002326,WO000291,P023,PR06,L05,2026-07-10,880,847,42,17,D
OUT00002327,WO000291,P023,PR07,L05,2026-07-11,842,811,36,10,D
OUT00002328,WO000291,P023,PR08,L05,2026-07-11,806,802,5,2,D
OUT00002329,WO000292,P014,PR01,L02,2026-07-09,802,789,16,7,N
OUT00002330,WO000292,P014,PR02,L02,2026-07-09,787,774,14,2,D
OUT00002331,WO000292,P014,PR03,L02,2026-07-09,777,773,4,1,D
OUT00002332,WO000292,P014,PR04,L02,2026-07-10,766,745,28,13,N
OUT00002333,WO000292,P014,PR05,L02,2026-07-10,735,711,26,5,N
OUT00002334,WO000292,P014,PR06,L02,2026-07-10,700,669,34,7,N
OUT00002335,WO000292,P014,PR07,L02,2026-07-11,671,644,29,5,D
OUT00002336,WO000292,P014,PR08,L02,2026-07-11,642,637,5,1,N
OUT00002337,WO000293,P019,PR01,L01,2026-07-09,1200,1183,21,8,D
OUT00002338,WO000293,P019,PR02,L01,2026-07-09,1166,1142,27,7,D
OUT00002339,WO000293,P019,PR03,L01,2026-07-09,1128,1123,5,1,N
OUT00002340,WO000293,P019,PR04,L01,2026-07-10,1123,1097,29,7,D
OUT00002341,WO000293,P019,PR05,L01,2026-07-10,1090,1055,44,18,D
OUT00002342,WO000293,P019,PR06,L01,2026-07-10,1057,1014,51,15,D
OUT00002343,WO000293,P019,PR07,L01,2026-07-11,1008,972,45,17,N
OUT00002344,WO000293,P019,PR08,L01,2026-07-11,962,957,6,2,N
OUT00002345,WO000294,P024,PR01,L05,2026-07-09,802,791,13,4,N
OUT00002346,WO000294,P024,PR02,L05,2026-07-09,779,764,16,3,N
OUT00002347,WO000294,P024,PR03,L05,2026-07-09,755,752,4,2,D
OUT00002348,WO000294,P024,PR04,L05,2026-07-10,751,730,25,8,D
OUT00002349,WO000294,P024,PR05,L05,2026-07-10,725,697,30,5,D
OUT00002350,WO000294,P024,PR06,L05,2026-07-10,699,671,31,7,D
OUT00002351,WO000294,P024,PR07,L05,2026-07-11,666,643,25,5,N
OUT00002352,WO000294,P024,PR08,L05,2026-07-11,641,635,6,1,D
OUT00002353,WO000295,P017,PR01,L03,2026-07-09,995,978,18,3,N
OUT00002354,WO000295,P017,PR02,L03,2026-07-09,972,948,30,12,D
OUT00002355,WO000295,P017,PR03,L03,2026-07-09,948,940,9,3,N
OUT00002356,WO000295,P017,PR04,L03,2026-07-10,934,910,31,14,N
OUT00002357,WO000295,P017,PR05,L03,2026-07-10,901,871,37,13,D
OUT00002358,WO000295,P017,PR06,L03,2026-07-10,858,819,46,13,N
OUT00002359,WO000295,P017,PR07,L03,2026-07-11,816,783,37,9,N
OUT00002360,WO000295,P017,PR08,L03,2026-07-11,779,774,5,1,D
OUT00002361,WO000296,P014,PR01,L04,2026-07-09,1808,1773,43,16,D
OUT00002362,WO000296,P014,PR02,L04,2026-07-09,1779,1730,59,19,D
OUT00002363,WO000296,P014,PR03,L04,2026-07-09,1710,1684,29,7,D
OUT00002364,WO000296,P014,PR04,L04,2026-07-10,1675,1622,60,14,D
OUT00002365,WO000296,P014,PR05,L04,2026-07-10,1605,1543,68,11,D
OUT00002366,WO000296,P014,PR06,L04,2026-07-10,1520,1452,90,40,N
OUT00002367,WO000296,P014,PR07,L04,2026-07-11,1435,1378,69,23,N
OUT00002368,WO000296,P014,PR08,L04,2026-07-11,1365,1346,23,9,D
OUT00002369,WO000297,P023,PR01,L01,2026-07-10,1504,1490,17,7,D
OUT00002370,WO000297,P023,PR02,L01,2026-07-10,1489,1461,31,7,D
OUT00002371,WO000297,P023,PR03,L01,2026-07-10,1459,1448,13,4,N
OUT00002372,WO000297,P023,PR04,L01,2026-07-11,1448,1413,39,9,N
OUT00002373,WO000297,P023,PR05,L01,2026-07-11,1401,1350,57,11,N
OUT00002374,WO000297,P023,PR06,L01,2026-07-11,1342,1281,66,10,N
OUT00002375,WO000297,P023,PR07,L01,2026-07-12,1269,1228,47,12,D
OUT00002376,WO000297,P023,PR08,L01,2026-07-12,1226,1222,5,2,D
OUT00002377,WO000298,P026,PR01,L04,2026-07-10,795,778,22,10,N
OUT00002378,WO000298,P026,PR02,L04,2026-07-10,766,746,22,5,D
OUT00002379,WO000298,P026,PR03,L04,2026-07-10,738,728,11,3,N
OUT00002380,WO000298,P026,PR04,L04,2026-07-11,719,693,28,5,D
OUT00002381,WO000298,P026,PR05,L04,2026-07-11,683,658,32,13,N
OUT00002382,WO000298,P026,PR06,L04,2026-07-11,660,626,37,7,D
OUT00002383,WO000298,P026,PR07,L04,2026-07-12,620,588,35,6,N
OUT00002384,WO000298,P026,PR08,L04,2026-07-12,580,573,8,3,N
OUT00002385,WO000299,P027,PR01,L02,2026-07-10,997,976,23,5,D
OUT00002386,WO000299,P027,PR02,L02,2026-07-10,967,952,19,8,N
OUT00002387,WO000299,P027,PR03,L02,2026-07-10,940,934,7,2,N
OUT00002388,WO000299,P027,PR04,L02,2026-07-11,922,897,27,4,D
OUT00002389,WO000299,P027,PR05,L02,2026-07-11,893,863,32,5,N
OUT00002390,WO000299,P027,PR06,L02,2026-07-11,858,822,42,12,D
OUT00002391,WO000299,P027,PR07,L02,2026-07-12,810,779,36,10,D
OUT00002392,WO000299,P027,PR08,L02,2026-07-12,776,772,4,1,D
OUT00002393,WO000300,P011,PR01,L04,2026-07-10,796,780,18,5,D
OUT00002394,WO000300,P011,PR02,L04,2026-07-10,770,747,25,4,D
OUT00002395,WO000300,P011,PR03,L04,2026-07-10,742,733,11,4,D
OUT00002396,WO000300,P011,PR04,L04,2026-07-11,729,701,32,9,D
OUT00002397,WO000300,P011,PR05,L04,2026-07-11,702,675,30,7,N
OUT00002398,WO000300,P011,PR06,L04,2026-07-11,676,647,37,15,N
OUT00002399,WO000300,P011,PR07,L04,2026-07-12,650,619,33,5,N
OUT00002400,WO000300,P011,PR08,L04,2026-07-12,610,601,10,3,D
OUT00002401,WO000301,P016,PR01,L03,2026-07-10,600,590,12,5,D
OUT00002402,WO000301,P016,PR02,L03,2026-07-10,587,573,15,3,N
OUT00002403,WO000301,P016,PR03,L03,2026-07-10,572,566,7,3,D
OUT00002404,WO000301,P016,PR04,L03,2026-07-11,568,551,21,8,D
OUT00002405,WO000301,P016,PR05,L03,2026-07-11,544,522,25,7,N
OUT00002406,WO000301,P016,PR06,L03,2026-07-11,524,499,27,5,N
OUT00002407,WO000301,P016,PR07,L03,2026-07-12,492,475,21,9,D
OUT00002408,WO000301,P016,PR08,L03,2026-07-12,475,470,5,1,D
OUT00002409,WO000302,P021,PR01,L03,2026-07-10,1484,1463,25,8,D
OUT00002410,WO000302,P021,PR02,L03,2026-07-10,1460,1428,38,12,D
OUT00002411,WO000302,P021,PR03,L03,2026-07-10,1415,1396,23,8,D
OUT00002412,WO000302,P021,PR04,L03,2026-07-11,1387,1350,46,18,N
OUT00002413,WO000302,P021,PR05,L03,2026-07-11,1340,1293,56,17,N
OUT00002414,WO000302,P021,PR06,L03,2026-07-11,1297,1238,68,18,D
OUT00002415,WO000302,P021,PR07,L03,2026-07-12,1231,1182,62,25,N
OUT00002416,WO000302,P021,PR08,L03,2026-07-12,1181,1165,18,4,N
OUT00002417,WO000303,P018,PR01,L01,2026-07-11,799,788,14,6,N
OUT00002418,WO000303,P018,PR02,L01,2026-07-11,781,765,18,5,N
OUT00002419,WO000303,P018,PR03,L01,2026-07-11,767,764,3,1,D
OUT00002420,WO000303,P018,PR04,L01,2026-07-12,762,746,19,7,D
OUT00002421,WO000303,P018,PR05,L01,2026-07-12,736,714,24,5,D
OUT00002422,WO000303,P018,PR06,L01,2026-07-12,708,681,34,14,N
OUT00002423,WO000303,P018,PR07,L01,2026-07-13,672,651,25,9,D
OUT00002424,WO000303,P018,PR08,L01,2026-07-13,651,648,3,1,D
OUT00002425,WO000304,P027,PR01,L02,2026-07-11,1976,1943,35,5,N
OUT00002426,WO000304,P027,PR02,L02,2026-07-11,1946,1915,35,9,N
OUT00002427,WO000304,P027,PR03,L02,2026-07-11,1888,1880,9,3,N
OUT00002428,WO000304,P027,PR04,L02,2026-07-12,1860,1813,60,25,N
OUT00002429,WO000304,P027,PR05,L02,2026-07-12,1789,1738,64,24,D
OUT00002430,WO000304,P027,PR06,L02,2026-07-12,1730,1656,87,25,D
OUT00002431,WO000304,P027,PR07,L02,2026-07-13,1631,1572,68,18,D
OUT00002432,WO000304,P027,PR08,L02,2026-07-13,1553,1545,10,4,N
OUT00002433,WO000305,P018,PR01,L01,2026-07-11,592,582,12,5,N
OUT00002434,WO000305,P018,PR02,L01,2026-07-11,577,568,11,4,D
OUT00002435,WO000305,P018,PR03,L01,2026-07-11,568,564,4,1,N
OUT00002436,WO000305,P018,PR04,L01,2026-07-12,565,553,14,5,N
OUT00002437,WO000305,P018,PR05,L01,2026-07-12,544,528,19,6,N
OUT00002438,WO000305,P018,PR06,L01,2026-07-12,527,504,26,7,N
OUT00002439,WO000305,P018,PR07,L01,2026-07-13,500,484,18,5,N
OUT00002440,WO000305,P018,PR08,L01,2026-07-13,478,476,2,1,D
OUT00002441,WO000306,P019,PR01,L04,2026-07-11,1485,1451,39,10,N
OUT00002442,WO000306,P019,PR02,L04,2026-07-11,1450,1416,45,20,N
OUT00002443,WO000306,P019,PR03,L04,2026-07-11,1410,1391,22,7,D
OUT00002444,WO000306,P019,PR04,L04,2026-07-12,1381,1333,58,19,D
OUT00002445,WO000306,P019,PR05,L04,2026-07-12,1314,1258,68,22,D
OUT00002446,WO000306,P019,PR06,L04,2026-07-12,1241,1185,68,22,N
OUT00002447,WO000306,P019,PR07,L04,2026-07-13,1180,1132,63,28,D
OUT00002448,WO000306,P019,PR08,L04,2026-07-13,1131,1115,18,4,D
OUT00002449,WO000307,P025,PR01,L01,2026-07-11,1779,1759,21,3,N
OUT00002450,WO000307,P025,PR02,L01,2026-07-11,1741,1708,36,6,N
OUT00002451,WO000307,P025,PR03,L01,2026-07-11,1684,1678,7,2,N
OUT00002452,WO000307,P025,PR04,L01,2026-07-12,1682,1635,52,10,N
OUT00002453,WO000307,P025,PR05,L01,2026-07-12,1632,1589,56,24,N
OUT00002454,WO000307,P025,PR06,L01,2026-07-12,1568,1510,64,12,D
OUT00002455,WO000307,P025,PR07,L01,2026-07-13,1494,1440,58,9,D
OUT00002456,WO000307,P025,PR08,L01,2026-07-13,1426,1419,8,2,N
OUT00002457,WO000308,P002,PR01,L01,2026-07-11,600,591,11,4,D
OUT00002458,WO000308,P002,PR02,L01,2026-07-11,584,577,9,4,D
OUT00002459,WO000308,P002,PR03,L01,2026-07-11,577,575,2,1,N
OUT00002460,WO000308,P002,PR04,L01,2026-07-12,571,555,19,7,N
OUT00002461,WO000308,P002,PR05,L01,2026-07-12,551,531,22,4,D
OUT00002462,WO000308,P002,PR06,L01,2026-07-12,529,509,25,10,D
OUT00002463,WO000308,P002,PR07,L01,2026-07-13,506,489,20,6,D
OUT00002464,WO000308,P002,PR08,L01,2026-07-13,485,483,2,0,D
OUT00002465,WO000309,P008,PR01,L05,2026-07-11,1187,1168,21,4,D
OUT00002466,WO000309,P008,PR02,L05,2026-07-11,1157,1138,25,11,N
OUT00002467,WO000309,P008,PR03,L05,2026-07-11,1133,1126,9,4,N
OUT00002468,WO000309,P008,PR04,L05,2026-07-12,1122,1094,35,13,N
OUT00002469,WO000309,P008,PR05,L05,2026-07-12,1096,1063,42,17,N
OUT00002470,WO000309,P008,PR06,L05,2026-07-12,1060,1015,48,7,N
OUT00002471,WO000309,P008,PR07,L05,2026-07-13,1015,979,39,6,N
OUT00002472,WO000309,P008,PR08,L05,2026-07-13,977,969,10,4,D
OUT00002473,WO000310,P014,PR01,L04,2026-07-11,788,772,18,5,D
OUT00002474,WO000310,P014,PR02,L04,2026-07-11,764,743,26,10,D
OUT00002475,WO000310,P014,PR03,L04,2026-07-11,737,726,13,5,D
OUT00002476,WO000310,P014,PR04,L04,2026-07-12,729,704,32,14,N
OUT00002477,WO000310,P014,PR05,L04,2026-07-12,702,678,31,13,D
OUT00002478,WO000310,P014,PR06,L04,2026-07-12,667,639,35,13,D
OUT00002479,WO000310,P014,PR07,L04,2026-07-13,633,605,34,12,D
OUT00002480,WO000310,P014,PR08,L04,2026-07-13,607,598,10,3,D
OUT00002481,WO000311,P012,PR01,L02,2026-07-11,597,588,10,3,D
OUT00002482,WO000311,P012,PR02,L02,2026-07-11,590,577,16,7,D
OUT00002483,WO000311,P012,PR03,L02,2026-07-11,574,571,3,1,N
OUT00002484,WO000311,P012,PR04,L02,2026-07-12,566,552,16,4,D
OUT00002485,WO000311,P012,PR05,L02,2026-07-12,554,536,23,10,D
OUT00002486,WO000311,P012,PR06,L02,2026-07-12,531,510,27,12,D
OUT00002487,WO000311,P012,PR07,L02,2026-07-13,504,485,24,10,N
OUT00002488,WO000311,P012,PR08,L02,2026-07-13,477,472,6,2,D
OUT00002489,WO000312,P017,PR01,L02,2026-07-11,1199,1176,25,5,D
OUT00002490,WO000312,P017,PR02,L02,2026-07-11,1170,1145,30,10,D
OUT00002491,WO000312,P017,PR03,L02,2026-07-11,1135,1128,9,4,N
OUT00002492,WO000312,P017,PR04,L02,2026-07-12,1116,1086,38,16,D
OUT00002493,WO000312,P017,PR05,L02,2026-07-12,1076,1042,44,19,D
OUT00002494,WO000312,P017,PR06,L02,2026-07-12,1045,1003,53,21,D
OUT00002495,WO000312,P017,PR07,L02,2026-07-13,997,961,42,11,D
OUT00002496,WO000312,P017,PR08,L02,2026-07-13,949,946,4,2,N
OUT00002497,WO000313,P011,PR01,L01,2026-07-12,1979,1957,25,7,D
OUT00002498,WO000313,P011,PR02,L01,2026-07-12,1947,1910,42,10,N
OUT00002499,WO000313,P011,PR03,L01,2026-07-12,1904,1897,8,2,N
OUT00002500,WO000313,P011,PR04,L01,2026-07-13,1883,1844,47,16,N
OUT00002501,WO000313,P011,PR05,L01,2026-07-13,1817,1752,73,15,D
OUT00002502,WO000313,P011,PR06,L01,2026-07-13,1734,1679,71,30,N
OUT00002503,WO000313,P011,PR07,L01,2026-07-14,1677,1625,64,22,D
OUT00002504,WO000313,P011,PR08,L01,2026-07-14,1622,1613,11,4,D
OUT00002505,WO000314,P020,PR01,L03,2026-07-12,1985,1940,50,10,N
OUT00002506,WO000314,P020,PR02,L03,2026-07-12,1946,1897,55,12,N
OUT00002507,WO000314,P020,PR03,L03,2026-07-12,1869,1849,22,5,N
OUT00002508,WO000314,P020,PR04,L03,2026-07-13,1821,1763,68,19,D
OUT00002509,WO000314,P020,PR05,L03,2026-07-13,1755,1693,75,25,N
OUT00002510,WO000314,P020,PR06,L03,2026-07-13,1672,1605,86,35,D
OUT00002511,WO000314,P020,PR07,L03,2026-07-14,1609,1544,80,29,D
OUT00002512,WO000314,P020,PR08,L03,2026-07-14,1528,1512,20,8,N
OUT00002513,WO000315,P019,PR01,L03,2026-07-12,1784,1742,46,9,D
OUT00002514,WO000315,P019,PR02,L03,2026-07-12,1733,1692,45,9,D
OUT00002515,WO000315,P019,PR03,L03,2026-07-12,1674,1660,16,4,N
OUT00002516,WO000315,P019,PR04,L03,2026-07-13,1657,1596,68,14,D
OUT00002517,WO000315,P019,PR05,L03,2026-07-13,1602,1551,68,31,D
OUT00002518,WO000315,P019,PR06,L03,2026-07-13,1531,1471,78,34,N
OUT00002519,WO000315,P019,PR07,L03,2026-07-14,1459,1401,75,32,N
OUT00002520,WO000315,P019,PR08,L03,2026-07-14,1380,1371,11,5,D
OUT00002521,WO000316,P004,PR01,L03,2026-07-12,1976,1949,35,16,D
OUT00002522,WO000316,P004,PR02,L03,2026-07-12,1958,1906,56,9,N
OUT00002523,WO000316,P004,PR03,L03,2026-07-12,1894,1877,21,9,D
OUT00002524,WO000316,P004,PR04,L03,2026-07-13,1879,1823,68,23,N
OUT00002525,WO000316,P004,PR05,L03,2026-07-13,1817,1746,82,20,D
OUT00002526,WO000316,P004,PR06,L03,2026-07-13,1749,1678,86,28,D
OUT00002527,WO000316,P004,PR07,L03,2026-07-14,1675,1612,79,30,D
OUT00002528,WO000316,P004,PR08,L03,2026-07-14,1606,1588,22,9,N
OUT00002529,WO000317,P025,PR01,L01,2026-07-12,600,593,8,2,N
OUT00002530,WO000317,P025,PR02,L01,2026-07-12,585,577,9,3,D
OUT00002531,WO000317,P025,PR03,L01,2026-07-12,577,575,2,1,N
OUT00002532,WO000317,P025,PR04,L01,2026-07-13,569,557,15,6,D
OUT00002533,WO000317,P025,PR05,L01,2026-07-13,556,539,18,3,D
OUT00002534,WO000317,P025,PR06,L01,2026-07-13,538,520,22,8,D
OUT00002535,WO000317,P025,PR07,L01,2026-07-14,520,501,23,8,D
OUT00002536,WO000317,P025,PR08,L01,2026-07-14,497,495,2,1,N
OUT00002537,WO000318,P001,PR01,L01,2026-07-12,599,592,8,2,D
OUT00002538,WO000318,P001,PR02,L01,2026-07-12,585,573,14,5,D
OUT00002539,WO000318,P001,PR03,L01,2026-07-12,573,570,3,1,N
OUT00002540,WO000318,P001,PR04,L01,2026-07-13,564,547,19,5,N
OUT00002541,WO000318,P001,PR05,L01,2026-07-13,543,526,19,4,D
OUT00002542,WO000318,P001,PR06,L01,2026-07-13,518,501,22,10,N
OUT00002543,WO000318,P001,PR07,L01,2026-07-14,494,474,21,3,N
OUT00002544,WO000318,P001,PR08,L01,2026-07-14,471,469,2,0,N
OUT00002545,WO000319,P024,PR01,L05,2026-07-12,591,582,10,2,D
OUT00002546,WO000319,P024,PR02,L05,2026-07-12,581,571,12,4,D
OUT00002547,WO000319,P024,PR03,L05,2026-07-12,571,569,2,1,N
OUT00002548,WO000319,P024,PR04,L05,2026-07-13,564,547,19,5,D
OUT00002549,WO000319,P024,PR05,L05,2026-07-13,542,525,19,4,N
OUT00002550,WO000319,P024,PR06,L05,2026-07-13,520,499,27,11,D
OUT00002551,WO000319,P024,PR07,L05,2026-07-14,495,476,22,6,D
OUT00002552,WO000319,P024,PR08,L05,2026-07-14,469,465,4,1,N
OUT00002553,WO000320,P020,PR01,L04,2026-07-12,596,582,15,2,N
OUT00002554,WO000320,P020,PR02,L04,2026-07-12,578,565,16,7,D
OUT00002555,WO000320,P020,PR03,L04,2026-07-12,564,556,9,2,D
OUT00002556,WO000320,P020,PR04,L04,2026-07-13,557,538,21,5,N
OUT00002557,WO000320,P020,PR05,L04,2026-07-13,531,509,25,7,N
OUT00002558,WO000320,P020,PR06,L04,2026-07-13,504,480,29,10,D
OUT00002559,WO000320,P020,PR07,L04,2026-07-14,479,458,24,7,D
OUT00002560,WO000320,P020,PR08,L04,2026-07-14,457,452,6,2,N
OUT00002561,WO000321,P016,PR01,L05,2026-07-13,1202,1185,19,4,N
OUT00002562,WO000321,P016,PR02,L05,2026-07-13,1179,1154,31,12,D
OUT00002563,WO000321,P016,PR03,L05,2026-07-13,1152,1144,9,2,N
OUT00002564,WO000321,P016,PR04,L05,2026-07-14,1142,1107,39,8,N
OUT00002565,WO000321,P016,PR05,L05,2026-07-14,1097,1063,45,20,D
OUT00002566,WO000321,P016,PR06,L05,2026-07-14,1057,1020,45,15,N
OUT00002567,WO000321,P016,PR07,L05,2026-07-15,1010,975,42,14,D
OUT00002568,WO000321,P016,PR08,L05,2026-07-15,975,971,4,1,N
OUT00002569,WO000322,P027,PR01,L04,2026-07-13,1987,1953,43,18,N
OUT00002570,WO000322,P027,PR02,L04,2026-07-13,1957,1900,65,16,N
OUT00002571,WO000322,P027,PR03,L04,2026-07-13,1872,1849,25,5,N
OUT00002572,WO000322,P027,PR04,L04,2026-07-14,1826,1770,69,25,N
OUT00002573,WO000322,P027,PR05,L04,2026-07-14,1745,1682,78,28,N
OUT00002574,WO000322,P027,PR06,L04,2026-07-14,1659,1583,90,26,N
OUT00002575,WO000322,P027,PR07,L04,2026-07-15,1583,1514,84,28,D
OUT00002576,WO000322,P027,PR08,L04,2026-07-15,1496,1475,26,10,D
OUT00002577,WO000323,P014,PR01,L01,2026-07-13,1980,1957,29,12,D
OUT00002578,WO000323,P014,PR02,L01,2026-07-13,1945,1910,44,18,N
OUT00002579,WO000323,P014,PR03,L01,2026-07-13,1914,1903,12,2,N
OUT00002580,WO000323,P014,PR04,L01,2026-07-14,1882,1845,47,19,N
OUT00002581,WO000323,P014,PR05,L01,2026-07-14,1837,1775,68,12,D
OUT00002582,WO000323,P014,PR06,L01,2026-07-14,1760,1693,82,28,N
OUT00002583,WO000323,P014,PR07,L01,2026-07-15,1701,1646,68,24,D
OUT00002584,WO000323,P014,PR08,L01,2026-07-15,1643,1637,7,2,N
OUT00002585,WO000324,P005,PR01,L04,2026-07-13,1003,975,31,7,D
OUT00002586,WO000324,P005,PR02,L04,2026-07-13,962,932,33,6,N
OUT00002587,WO000324,P005,PR03,L04,2026-07-13,925,911,16,4,D
OUT00002588,WO000324,P005,PR04,L04,2026-07-14,907,873,39,10,D
OUT00002589,WO000324,P005,PR05,L04,2026-07-14,865,833,41,18,N
OUT00002590,WO000324,P005,PR06,L04,2026-07-14,824,784,48,16,N
OUT00002591,WO000324,P005,PR07,L04,2026-07-15,780,746,42,15,N
OUT00002592,WO000324,P005,PR08,L04,2026-07-15,743,731,15,7,N
OUT00002593,WO000325,P027,PR01,L05,2026-07-13,788,774,16,4,N
OUT00002594,WO000325,P027,PR02,L05,2026-07-13,770,754,18,4,N
OUT00002595,WO000325,P027,PR03,L05,2026-07-13,752,746,7,2,N
OUT00002596,WO000325,P027,PR04,L05,2026-07-14,738,718,22,4,D
OUT00002597,WO000325,P027,PR05,L05,2026-07-14,715,688,29,5,N
OUT00002598,WO000325,P027,PR06,L05,2026-07-14,678,653,29,9,D
OUT00002599,WO000325,P027,PR07,L05,2026-07-15,646,621,29,9,N
OUT00002600,WO000325,P027,PR08,L05,2026-07-15,623,621,2,1,D
OUT00002601,WO000326,P003,PR01,L02,2026-07-13,1797,1774,28,10,N
OUT00002602,WO000326,P003,PR02,L02,2026-07-13,1771,1737,44,19,D
OUT00002603,WO000326,P003,PR03,L02,2026-07-13,1717,1703,17,7,N
OUT00002604,WO000326,P003,PR04,L02,2026-07-14,1677,1637,51,21,D
OUT00002605,WO000326,P003,PR05,L02,2026-07-14,1626,1575,63,23,N
OUT00002606,WO000326,P003,PR06,L02,2026-07-14,1578,1515,71,15,D
OUT00002607,WO000326,P003,PR07,L02,2026-07-15,1522,1454,74,12,N
OUT00002608,WO000326,P003,PR08,L02,2026-07-15,1445,1434,14,6,D
OUT00002609,WO000327,P009,PR01,L02,2026-07-13,1190,1175,19,8,D
OUT00002610,WO000327,P009,PR02,L02,2026-07-13,1176,1147,32,6,N
OUT00002611,WO000327,P009,PR03,L02,2026-07-13,1136,1125,12,2,N
OUT00002612,WO000327,P009,PR04,L02,2026-07-14,1112,1077,38,6,N
OUT00002613,WO000327,P009,PR05,L02,2026-07-14,1077,1034,48,10,N
OUT00002614,WO000327,P009,PR06,L02,2026-07-14,1034,991,55,22,N
OUT00002615,WO000327,P009,PR07,L02,2026-07-15,978,942,45,17,N
OUT00002616,WO000327,P009,PR08,L02,2026-07-15,935,929,8,4,D
OUT00002617,WO000328,P015,PR01,L05,2026-07-13,1774,1753,22,3,D
OUT00002618,WO000328,P015,PR02,L05,2026-07-13,1741,1713,34,12,D
OUT00002619,WO000328,P015,PR03,L05,2026-07-13,1720,1714,7,3,D
OUT00002620,WO000328,P015,PR04,L05,2026-07-14,1705,1661,54,19,N
OUT00002621,WO000328,P015,PR05,L05,2026-07-14,1643,1591,60,16,D
OUT00002622,WO000328,P015,PR06,L05,2026-07-14,1591,1527,70,12,D
OUT00002623,WO000328,P015,PR07,L05,2026-07-15,1529,1482,58,20,D
OUT00002624,WO000328,P015,PR08,L05,2026-07-15,1477,1467,11,3,D
OUT00002625,WO000329,P021,PR01,L03,2026-07-14,1988,1951,45,15,D
OUT00002626,WO000329,P021,PR02,L03,2026-07-14,1944,1906,43,10,D
OUT00002627,WO000329,P021,PR03,L03,2026-07-14,1900,1878,28,12,D
OUT00002628,WO000329,P021,PR04,L03,2026-07-15,1851,1799,63,20,N
OUT00002629,WO000329,P021,PR05,L03,2026-07-15,1790,1734,71,29,D
OUT00002630,WO000329,P021,PR06,L03,2026-07-15,1736,1662,87,24,D
OUT00002631,WO000329,P021,PR07,L03,2026-07-15,1664,1607,74,32,N
OUT00002632,WO000329,P021,PR08,L03,2026-07-15,1587,1564,25,5,D
OUT00002633,WO000330,P028,PR01,L02,2026-07-14,1775,1752,26,6,D
OUT00002634,WO000330,P028,PR02,L02,2026-07-14,1748,1715,41,16,D
OUT00002635,WO000330,P028,PR03,L02,2026-07-14,1703,1695,9,3,D
OUT00002636,WO000330,P028,PR04,L02,2026-07-15,1692,1648,48,9,N
OUT00002637,WO000330,P028,PR05,L02,2026-07-15,1630,1581,60,21,N
OUT00002638,WO000330,P028,PR06,L02,2026-07-15,1560,1499,73,23,D
OUT00002639,WO000330,P028,PR07,L02,2026-07-15,1504,1439,73,15,D
OUT00002640,WO000330,P028,PR08,L02,2026-07-15,1423,1410,15,5,D
OUT00002641,WO000331,P025,PR01,L01,2026-07-14,598,589,11,4,D
OUT00002642,WO000331,P025,PR02,L01,2026-07-14,587,576,12,3,N
OUT00002643,WO000331,P025,PR03,L01,2026-07-14,568,566,2,1,N
OUT00002644,WO000331,P025,PR04,L01,2026-07-15,563,549,16,5,N
OUT00002645,WO000331,P025,PR05,L01,2026-07-15,550,534,20,8,N
OUT00002646,WO000331,P025,PR06,L01,2026-07-15,533,514,23,8,N
OUT00002647,WO000331,P025,PR07,L01,2026-07-15,511,493,22,9,D
OUT00002648,WO000331,P025,PR08,L01,2026-07-15,489,487,2,1,N
OUT00002649,WO000332,P006,PR01,L03,2026-07-14,1775,1741,45,20,N
OUT00002650,WO000332,P006,PR02,L03,2026-07-14,1736,1704,38,12,N
OUT00002651,WO000332,P006,PR03,L03,2026-07-14,1689,1667,24,4,D
OUT00002652,WO000332,P006,PR04,L03,2026-07-15,1657,1603,63,18,D
OUT00002653,WO000332,P006,PR05,L03,2026-07-15,1596,1534,75,25,D
OUT00002654,WO000332,P006,PR06,L03,2026-07-15,1521,1454,83,30,D
OUT00002655,WO000332,P006,PR07,L03,2026-07-15,1445,1391,63,18,D
OUT00002656,WO000332,P006,PR08,L03,2026-07-15,1370,1359,13,4,D
OUT00002657,WO000333,P024,PR01,L03,2026-07-14,1807,1777,32,5,N
OUT00002658,WO000333,P024,PR02,L03,2026-07-14,1761,1720,47,12,D
OUT00002659,WO000333,P024,PR03,L03,2026-07-14,1694,1684,13,6,N
OUT00002660,WO000333,P024,PR04,L03,2026-07-15,1675,1617,64,12,N
OUT00002661,WO000333,P024,PR05,L03,2026-07-15,1620,1562,75,31,N
OUT00002662,WO000333,P024,PR06,L03,2026-07-15,1544,1473,78,13,N
OUT00002663,WO000333,P024,PR07,L03,2026-07-15,1462,1409,68,28,N
OUT00002664,WO000333,P024,PR08,L03,2026-07-15,1390,1376,17,7,D
OUT00002665,WO000334,P001,PR01,L05,2026-07-14,1499,1477,24,5,D
OUT00002666,WO000334,P001,PR02,L05,2026-07-14,1473,1452,27,11,N
OUT00002667,WO000334,P001,PR03,L05,2026-07-14,1443,1431,15,6,N
OUT00002668,WO000334,P001,PR04,L05,2026-07-15,1424,1388,46,19,D
OUT00002669,WO000334,P001,PR05,L05,2026-07-15,1380,1343,46,17,D
OUT00002670,WO000334,P001,PR06,L05,2026-07-15,1348,1301,58,20,D
OUT00002671,WO000334,P001,PR07,L05,2026-07-15,1283,1230,57,9,N
OUT00002672,WO000334,P001,PR08,L05,2026-07-15,1225,1216,11,4,N
OUT00002673,WO000335,P005,PR01,L03,2026-07-14,1487,1455,38,12,D
OUT00002674,WO000335,P005,PR02,L03,2026-07-14,1440,1406,40,12,N
OUT00002675,WO000335,P005,PR03,L03,2026-07-14,1406,1396,11,3,D
OUT00002676,WO000335,P005,PR04,L03,2026-07-15,1381,1341,52,22,N
OUT00002677,WO000335,P005,PR05,L03,2026-07-15,1335,1286,55,11,N
OUT00002678,WO000335,P005,PR06,L03,2026-07-15,1281,1224,70,25,D
OUT00002679,WO000335,P005,PR07,L03,2026-07-15,1225,1181,54,19,D
OUT00002680,WO000335,P005,PR08,L03,2026-07-15,1180,1172,8,1,D
OUT00002681,WO000336,P024,PR01,L02,2026-07-14,990,975,18,6,D
OUT00002682,WO000336,P024,PR02,L02,2026-07-14,963,943,25,10,D
OUT00002683,WO000336,P024,PR03,L02,2026-07-14,936,928,10,4,N
OUT00002684,WO000336,P024,PR04,L02,2026-07-15,919,897,26,8,N
OUT00002685,WO000336,P024,PR05,L02,2026-07-15,892,862,37,14,D
OUT00002686,WO000336,P024,PR06,L02,2026-07-15,855,820,44,17,N
OUT00002687,WO000336,P024,PR07,L02,2026-07-15,814,780,39,10,N
OUT00002688,WO000336,P024,PR08,L02,2026-07-15,770,766,5,2,D
OUT00002689,WO000337,P003,PR01,L04,2026-07-15,1784,1747,44,13,D
OUT00002690,WO000337,P003,PR02,L04,2026-07-15,1736,1694,51,17,N
OUT00002691,WO000337,P003,PR03,L04,2026-07-15,1691,1672,22,6,D
OUT00002692,WO000337,P003,PR04,L04,2026-07-15,1655,1601,67,25,D
OUT00002693,WO000337,P003,PR05,L04,2026-07-15,1597,1541,70,26,N
OUT00002694,WO000337,P003,PR06,L04,2026-07-15,1524,1447,91,27,N
OUT00002695,WO000337,P003,PR07,L04,2026-07-15,1435,1372,79,30,N
OUT00002696,WO000337,P003,PR08,L04,2026-07-15,1373,1359,17,7,D
OUT00002697,WO000338,P016,PR01,L02,2026-07-15,794,782,13,3,D
OUT00002698,WO000338,P016,PR02,L02,2026-07-15,778,760,22,8,D
OUT00002699,WO000338,P016,PR03,L02,2026-07-15,756,753,3,1,N
OUT00002700,WO000338,P016,PR04,L02,2026-07-15,752,733,21,4,D
OUT00002701,WO000338,P016,PR05,L02,2026-07-15,725,701,28,9,D
OUT00002702,WO000338,P016,PR06,L02,2026-07-15,698,671,33,11,D
OUT00002703,WO000338,P016,PR07,L02,2026-07-15,672,647,31,11,D
OUT00002704,WO000338,P016,PR08,L02,2026-07-15,640,634,7,2,N
OUT00002705,WO000339,P007,PR01,L03,2026-07-15,997,979,22,9,N
OUT00002706,WO000339,P007,PR02,L03,2026-07-15,980,954,30,9,D
OUT00002707,WO000339,P007,PR03,L03,2026-07-15,953,947,7,2,D
OUT00002708,WO000339,P007,PR04,L03,2026-07-15,948,920,34,12,N
OUT00002709,WO000339,P007,PR05,L03,2026-07-15,914,878,40,9,D
OUT00002710,WO000339,P007,PR06,L03,2026-07-15,870,833,42,10,D
OUT00002711,WO000339,P007,PR07,L03,2026-07-15,825,785,43,7,N
OUT00002712,WO000339,P007,PR08,L03,2026-07-15,778,769,10,3,N
OUT00002713,WO000340,P008,PR01,L01,2026-07-15,1779,1761,22,9,N
OUT00002714,WO000340,P008,PR02,L01,2026-07-15,1737,1700,40,7,D
OUT00002715,WO000340,P008,PR03,L01,2026-07-15,1702,1694,9,3,N
OUT00002716,WO000340,P008,PR04,L01,2026-07-15,1674,1630,50,12,N
OUT00002717,WO000340,P008,PR05,L01,2026-07-15,1635,1581,66,22,D
OUT00002718,WO000340,P008,PR06,L01,2026-07-15,1563,1509,67,24,N
OUT00002719,WO000340,P008,PR07,L01,2026-07-15,1489,1439,54,9,D
OUT00002720,WO000340,P008,PR08,L01,2026-07-15,1431,1422,10,2,N
OUT00002721,WO000341,P011,PR01,L04,2026-07-15,1779,1737,52,19,N
OUT00002722,WO000341,P011,PR02,L04,2026-07-15,1729,1689,51,21,D
OUT00002723,WO000341,P011,PR03,L04,2026-07-15,1686,1659,29,5,D
OUT00002724,WO000341,P011,PR04,L04,2026-07-15,1661,1603,68,19,D
OUT00002725,WO000341,P011,PR05,L04,2026-07-15,1609,1545,79,29,D
OUT00002726,WO000341,P011,PR06,L04,2026-07-15,1530,1465,82,31,D
OUT00002727,WO000341,P011,PR07,L04,2026-07-15,1457,1385,81,18,D
OUT00002728,WO000341,P011,PR08,L04,2026-07-15,1376,1357,22,6,D
OUT00002729,WO000342,P010,PR01,L03,2026-07-15,1188,1164,29,10,N
OUT00002730,WO000342,P010,PR02,L03,2026-07-15,1147,1122,32,14,D
OUT00002731,WO000342,P010,PR03,L03,2026-07-15,1126,1112,15,3,N
OUT00002732,WO000342,P010,PR04,L03,2026-07-15,1103,1064,43,9,N
OUT00002733,WO000342,P010,PR05,L03,2026-07-15,1061,1022,42,7,N
OUT00002734,WO000342,P010,PR06,L03,2026-07-15,1012,971,48,13,N
OUT00002735,WO000342,P010,PR07,L03,2026-07-15,957,923,44,19,N
OUT00002736,WO000342,P010,PR08,L03,2026-07-15,911,899,13,3,D
OUT00002737,WO000343,P016,PR01,L05,2026-07-15,987,971,19,7,N
OUT00002738,WO000343,P016,PR02,L05,2026-07-15,969,947,24,4,D
OUT00002739,WO000343,P016,PR03,L05,2026-07-15,944,936,9,2,N
OUT00002740,WO000343,P016,PR04,L05,2026-07-15,936,911,31,12,D
OUT00002741,WO000343,P016,PR05,L05,2026-07-15,911,877,38,9,D
OUT00002742,WO000343,P016,PR06,L05,2026-07-15,877,844,41,15,D
OUT00002743,WO000343,P016,PR07,L05,2026-07-15,847,817,34,8,N
OUT00002744,WO000343,P016,PR08,L05,2026-07-15,813,808,5,1,N
OUT00002745,WO000344,P007,PR01,L02,2026-07-15,2008,1978,33,7,N
OUT00002746,WO000344,P007,PR02,L02,2026-07-15,1975,1932,49,12,D
OUT00002747,WO000344,P007,PR03,L02,2026-07-15,1933,1925,8,1,N
OUT00002748,WO000344,P007,PR04,L02,2026-07-15,1902,1850,61,18,N
OUT00002749,WO000344,P007,PR05,L02,2026-07-15,1854,1788,74,16,D
OUT00002750,WO000344,P007,PR06,L02,2026-07-15,1787,1710,86,18,N
OUT00002751,WO000344,P007,PR07,L02,2026-07-15,1709,1636,81,16,N
OUT00002752,WO000344,P007,PR08,L02,2026-07-15,1631,1616,16,3,N
